Date,Price
32874,1.6125
32875,1.61
32876,1.6125
32877,1.6355
32878,1.637
32881,1.653
32882,1.658
32883,1.6625
32884,1.661
32885,1.661
32888,1.667
32889,1.658
32890,1.6533
32891,1.6433
32892,1.6475
32895,1.6376
32896,1.6535
32897,1.6529
32898,1.6597
32899,1.6632
32902,1.6815
32903,1.6695
32904,1.678
32905,1.685
32906,1.684
32909,1.701
32910,1.703
32911,1.696
32912,1.6945
32913,1.696
32916,1.693
32917,1.6905
32918,1.6908
32919,1.6858
32920,1.6985
32923,1.7035
32924,1.712
32925,1.7145
32926,1.714
32927,1.711
32930,1.692
32931,1.69
32932,1.6775
32933,1.6645
32934,1.648
32937,1.645
32938,1.648
32939,1.647
32940,1.6395
32941,1.617
32944,1.6125
32945,1.6087
32946,1.6095
32947,1.6255
32948,1.619
32951,1.614
32952,1.6015
32953,1.596
32954,1.604
32955,1.6015
32958,1.6195
32959,1.6258
32960,1.6283
32961,1.6333
32962,1.648
32965,1.6345
32966,1.636
32967,1.6415
32968,1.6427
32969,1.6415
32972,1.635
32973,1.6455
32974,1.643
32975,1.6427
32976,1.637
32979,1.631
32980,1.6385
32981,1.6405
32982,1.646
32983,1.6395
32986,1.636
32987,1.635
32988,1.641
32989,1.6345
32990,1.6355
32993,1.642
32994,1.645
32995,1.643
32996,1.64
32997,1.664
33000,1.668
33001,1.671
33002,1.6785
33003,1.68
33004,1.6795
33007,1.683
33008,1.677
33009,1.681
33010,1.6925
33011,1.691
33014,1.688
33015,1.6932
33016,1.6938
33017,1.6895
33018,1.69
33021,1.6945
33022,1.6945
33023,1.694
33024,1.678
33025,1.6815
33028,1.68
33029,1.6835
33030,1.6885
33031,1.689
33032,1.6833
33035,1.687
33036,1.704
33037,1.7115
33038,1.709
33039,1.71
33042,1.7155
33043,1.722
33044,1.7225
33045,1.7205
33046,1.733
33049,1.7305
33050,1.742
33051,1.7458
33052,1.739
33053,1.749
33056,1.7755
33057,1.776
33058,1.785
33059,1.7825
33060,1.787
33063,1.8085
33064,1.825
33065,1.8
33066,1.8138
33067,1.7995
33070,1.804
33071,1.8165
33072,1.8165
33073,1.8155
33074,1.819
33077,1.834
33078,1.8132
33079,1.8115
33080,1.815
33081,1.838
33084,1.8485
33085,1.8635
33086,1.8565
33087,1.8555
33088,1.859
33091,1.873
33092,1.874
33093,1.8705
33094,1.8675
33095,1.873
33098,1.883
33099,1.89
33100,1.901
33101,1.9095
33102,1.9235
33105,1.914
33106,1.915
33107,1.925
33108,1.9555
33109,1.937
33112,1.944
33113,1.946
33114,1.9463
33115,1.9175
33116,1.895
33119,1.8735
33120,1.8785
33121,1.907
33122,1.913
33123,1.8925
33126,1.859
33127,1.8575
33128,1.8595
33129,1.883
33130,1.894
33133,1.915
33134,1.9145
33135,1.885
33136,1.873
33137,1.847
33140,1.881
33141,1.869
33142,1.872
33143,1.8795
33144,1.8788
33147,1.8835
33148,1.893
33149,1.9025
33150,1.9155
33151,1.956
33154,1.975
33155,1.9638
33156,1.971
33157,1.978
33158,1.971
33161,1.9503
33162,1.967
33163,1.961
33164,1.9715
33165,1.959
33168,1.9465
33169,1.9485
33170,1.96
33171,1.955
33172,1.958
33175,1.9485
33176,1.956
33177,1.9435
33178,1.9455
33179,1.96
33182,1.9715
33183,1.966
33184,1.9698
33185,1.967
33186,1.967
33189,1.9635
33190,1.9645
33191,1.9603
33192,1.9575
33193,1.9691
33196,1.9745
33197,1.9665
33198,1.971
33199,1.97
33200,1.968
33203,1.969
33204,1.983
33205,1.9685
33206,1.944
33207,1.9435
33210,1.9165
33211,1.9305
33212,1.9265
33213,1.9405
33214,1.9518
33217,1.946
33218,1.9375
33219,1.945
33220,1.946
33221,1.937
33224,1.931
33225,1.9345
33226,1.931
33227,1.894
33228,1.888
33231,1.8745
33232,1.875
33233,1.882
33234,1.89
33235,1.9225
33238,1.93
33239,1.93
33240,1.943
33241,1.9455
33242,1.9355
33245,1.904
33246,1.896
33247,1.89
33248,1.9145
33249,1.908
33252,1.904
33253,1.9
33254,1.907
33255,1.9325
33256,1.9395
33259,1.962
33260,1.945
33261,1.961
33262,1.958
33263,1.957
33266,1.965
33267,1.959
33268,1.9638
33269,1.967
33270,1.9755
33273,1.9815
33274,1.9925
33275,2.0045
33276,1.9975
33277,1.989
33280,1.9985
33281,1.98
33282,1.986
33283,1.981
33284,1.9685
33287,1.9603
33288,1.952
33289,1.95
33290,1.9575
33291,1.9445
33294,1.925
33295,1.9198
33296,1.918
33297,1.913
33298,1.8953
33301,1.8965
33302,1.893
33303,1.896
33304,1.887
33305,1.865
33308,1.85
33309,1.858
33310,1.85
33311,1.852
33312,1.8225
33315,1.7935
33316,1.7695
33317,1.7867
33318,1.797
33319,1.7905
33322,1.7475
33323,1.7495
33324,1.7375
33325,1.741
33326,1.751
33329,1.771
33330,1.782
33331,1.7715
33332,1.7865
33333,1.7695
33336,1.7655
33337,1.791
33338,1.776
33339,1.791
33340,1.778
33343,1.7935
33344,1.7922
33345,1.7875
33346,1.7535
33347,1.722
33350,1.697
33351,1.709
33352,1.6995
33353,1.6925
33354,1.6915
33357,1.6985
33358,1.726
33359,1.7235
33360,1.72
33361,1.694
33364,1.71
33365,1.726
33366,1.72
33367,1.719
33368,1.719
33371,1.735
33372,1.7465
33373,1.754
33374,1.7498
33375,1.714
33378,1.7175
33379,1.738
33380,1.7295
33381,1.7355
33382,1.731
33385,1.7385
33386,1.7465
33387,1.728
33388,1.715
33389,1.698
33392,1.697
33393,1.699
33394,1.6935
33395,1.6878
33396,1.6715
33399,1.6715
33400,1.6657
33401,1.6435
33402,1.6355
33403,1.6385
33406,1.6265
33407,1.612
33408,1.635
33409,1.635
33410,1.627
33413,1.6465
33414,1.631
33415,1.639
33416,1.6345
33417,1.622
33420,1.6145
33421,1.6025
33422,1.606
33423,1.605
33424,1.6185
33427,1.6345
33428,1.623
33429,1.622
33430,1.6055
33431,1.651
33434,1.6515
33435,1.6425
33436,1.65
33437,1.6665
33438,1.6915
33441,1.681
33442,1.68
33443,1.693
33444,1.674
33445,1.688
33448,1.6827
33449,1.6755
33450,1.687
33451,1.6747
33452,1.689
33455,1.7125
33456,1.714
33457,1.7135
33458,1.7065
33459,1.695
33462,1.6985
33463,1.6925
33464,1.685
33465,1.672
33466,1.6587
33469,1.626
33470,1.6445
33471,1.6922
33472,1.6928
33473,1.6743
33476,1.681
33477,1.681
33478,1.6788
33479,1.684
33480,1.6815
33483,1.6858
33484,1.695
33485,1.6955
33486,1.6945
33487,1.7185
33490,1.733
33491,1.731
33492,1.733
33493,1.7325
33494,1.7295
33497,1.738
33498,1.743
33499,1.7295
33500,1.7195
33501,1.731
33504,1.743
33505,1.732
33506,1.7315
33507,1.7244
33508,1.7437
33511,1.751
33512,1.748
33513,1.7501
33514,1.752
33515,1.7356
33518,1.734
33519,1.7035
33520,1.7195
33521,1.715
33522,1.724
33525,1.7138
33526,1.702
33527,1.7065
33528,1.719
33529,1.7272
33532,1.7175
33533,1.71
33534,1.6989
33535,1.7115
33536,1.7125
33539,1.6945
33540,1.7268
33541,1.7441
33542,1.7392
33543,1.768
33546,1.7765
33547,1.7735
33548,1.7725
33549,1.771
33550,1.7648
33553,1.7739
33554,1.7706
33555,1.7747
33556,1.7767
33557,1.7875
33560,1.7905
33561,1.8041
33562,1.7967
33563,1.7908
33564,1.7975
33567,1.7947
33568,1.7681
33569,1.7695
33570,1.7685
33571,1.7679
33574,1.7725
33575,1.776
33576,1.786
33577,1.7983
33578,1.817
33581,1.8133
33582,1.807
33583,1.808
33584,1.8075
33585,1.8154
33588,1.825
33589,1.828
33590,1.8283
33591,1.8375
33592,1.8587
33595,1.8815
33596,1.874
33597,1.884
33598,1.8873
33599,1.8728
33602,1.8655
33603,1.8707
33604,1.8707
33605,1.8681
33606,1.8485
33609,1.883
33610,1.8865
33611,1.879
33612,1.816
33613,1.7895
33616,1.7988
33617,1.7815
33618,1.7458
33619,1.7594
33620,1.7965
33623,1.798
33624,1.8045
33625,1.8042
33626,1.7855
33627,1.796
33630,1.7823
33631,1.7905
33632,1.7973
33633,1.7835
33634,1.7875
33637,1.7962
33638,1.8035
33639,1.8148
33640,1.8216
33641,1.84
33644,1.818
33645,1.7985
33646,1.7878
33647,1.773
33648,1.771
33651,1.77
33652,1.7524
33653,1.7552
33654,1.751
33655,1.7432
33658,1.7458
33659,1.7375
33660,1.755
33661,1.7641
33662,1.7577
33665,1.7546
33666,1.737
33667,1.7235
33668,1.7168
33669,1.7195
33672,1.7248
33673,1.717
33674,1.7275
33675,1.7139
33676,1.7085
33679,1.7225
33680,1.7341
33681,1.729
33682,1.7097
33683,1.7135
33686,1.7188
33687,1.7205
33688,1.732
33689,1.724
33690,1.7435
33693,1.7382
33694,1.7363
33695,1.726
33696,1.7301
33697,1.7473
33700,1.7481
33701,1.751
33702,1.7503
33703,1.767
33704,1.7639
33707,1.7612
33708,1.764
33709,1.7553
33710,1.7476
33711,1.745
33714,1.7512
33715,1.7498
33716,1.7623
33717,1.7655
33718,1.774
33721,1.7791
33722,1.7772
33723,1.7727
33724,1.7769
33725,1.7873
33728,1.7784
33729,1.7859
33730,1.7978
33731,1.7938
33732,1.7925
33735,1.795
33736,1.8129
33737,1.8253
33738,1.8232
33739,1.8225
33742,1.8365
33743,1.8382
33744,1.8313
33745,1.8165
33746,1.818
33749,1.8195
33750,1.8258
33751,1.7946
33752,1.8052
33753,1.8297
33756,1.8293
33757,1.812
33758,1.8198
33759,1.827
33760,1.833
33763,1.8345
33764,1.8355
33765,1.836
33766,1.8503
33767,1.8506
33770,1.8576
33771,1.8655
33772,1.858
33773,1.858
33774,1.86
33777,1.8603
33778,1.8623
33779,1.8805
33780,1.8985
33781,1.895
33784,1.9055
33785,1.905
33786,1.9065
33787,1.924
33788,1.9095
33791,1.9104
33792,1.9345
33793,1.9295
33794,1.9012
33795,1.923
33798,1.929
33799,1.92
33800,1.9215
33801,1.9395
33802,1.9515
33805,1.9075
33806,1.9085
33807,1.9078
33808,1.9132
33809,1.895
33812,1.9194
33813,1.9309
33814,1.9218
33815,1.9265
33816,1.9275
33819,1.9239
33820,1.9196
33821,1.9037
33822,1.9154
33823,1.9322
33826,1.9314
33827,1.9282
33828,1.9318
33829,1.934
33830,1.9216
33833,1.9249
33834,1.9306
33835,1.9364
33836,1.941
33837,1.9601
33840,1.9931
33841,1.9907
33842,1.9886
33843,1.9803
33844,1.9818
33847,1.9884
33848,2.0031
33849,2.0042
33850,1.9848
33851,2.006
33854,1.9943
33855,2.0063
33856,1.9722
33857,1.9738
33858,1.923
33861,1.8888
33862,1.8603
33863,1.785
33864,1.78
33865,1.735
33868,1.7076
33869,1.7005
33870,1.7142
33871,1.7078
33872,1.7126
33875,1.7303
33876,1.7805
33877,1.7773
33878,1.7335
33879,1.7326
33882,1.703
33883,1.7112
33884,1.7126
33885,1.6833
33886,1.6966
33889,1.7108
33890,1.7172
33891,1.7074
33892,1.6946
33893,1.6514
33896,1.624
33897,1.6271
33898,1.6065
33899,1.6265
33900,1.624
33903,1.585
33904,1.582
33905,1.573
33906,1.573
33907,1.5585
33910,1.5343
33911,1.5506
33912,1.5399
33913,1.5358
33914,1.5305
33917,1.5125
33918,1.5145
33919,1.5255
33920,1.5292
33921,1.5533
33924,1.5249
33925,1.5235
33926,1.526
33927,1.5377
33928,1.514
33931,1.5216
33932,1.5235
33933,1.5308
33934,1.522
33935,1.52
33938,1.5171
33939,1.55
33940,1.5535
33941,1.5648
33942,1.5605
33945,1.6002
33946,1.601
33947,1.567
33948,1.554
33949,1.5565
33952,1.5673
33953,1.5672
33954,1.5732
33955,1.5778
33956,1.567
33959,1.559
33960,1.537
33961,1.527
33962,1.532
33963,1.522
33966,1.499
33967,1.509
33968,1.5095
33969,1.5105
33970,1.5105
33973,1.501
33974,1.5505
33975,1.5432
33976,1.532
33977,1.532
33980,1.5535
33981,1.5449
33982,1.55
33983,1.5375
33984,1.531
33987,1.5505
33988,1.5475
33989,1.544
33990,1.523
33991,1.53
33994,1.557
33995,1.5392
33996,1.5117
33997,1.5174
33998,1.4861
34001,1.4593
34002,1.4447
34003,1.436
34004,1.4413
34005,1.4464
34008,1.4395
34009,1.431
34010,1.4245
34011,1.424
34012,1.4225
34015,1.4198
34016,1.45
34017,1.448
34018,1.449
34019,1.454
34022,1.4575
34023,1.454
34024,1.43
34025,1.4217
34026,1.4255
34029,1.4395
34030,1.4487
34031,1.4511
34032,1.4565
34033,1.4475
34036,1.443
34037,1.4387
34038,1.4345
34039,1.4315
34040,1.4345
34043,1.4353
34044,1.4495
34045,1.4535
34046,1.4865
34047,1.49
34050,1.4875
34051,1.484
34052,1.477
34053,1.4745
34054,1.4882
34057,1.4915
34058,1.494
34059,1.5145
34060,1.531
34061,1.523
34064,1.5207
34065,1.515
34066,1.514
34067,1.528
34068,1.5285
34071,1.5455
34072,1.5596
34073,1.5537
34074,1.5385
34075,1.5258
34078,1.5422
34079,1.5485
34080,1.5412
34081,1.559
34082,1.575
34085,1.5875
34086,1.5757
34087,1.5752
34088,1.5745
34089,1.574
34092,1.565
34093,1.568
34094,1.567
34095,1.583
34096,1.5705
34099,1.5317
34100,1.5412
34101,1.534
34102,1.5225
34103,1.5395
34106,1.537
34107,1.5365
34108,1.5435
34109,1.5568
34110,1.5427
34113,1.5365
34114,1.543
34115,1.548
34116,1.562
34117,1.5617
34120,1.563
34121,1.555
34122,1.541
34123,1.549
34124,1.509
34127,1.5232
34128,1.5203
34129,1.516
34130,1.531
34131,1.522
34134,1.5285
34135,1.517
34136,1.5062
34137,1.515
34138,1.4985
34141,1.4885
34142,1.4775
34143,1.4735
34144,1.4695
34145,1.477
34148,1.497
34149,1.513
34150,1.4912
34151,1.516
34152,1.508
34155,1.5102
34156,1.5035
34157,1.494
34158,1.498
34159,1.481
34162,1.477
34163,1.4972
34164,1.504
34165,1.49
34166,1.4865
34169,1.5005
34170,1.5125
34171,1.5159
34172,1.513
34173,1.5045
34176,1.5025
34177,1.4889
34178,1.4957
34179,1.4815
34180,1.4825
34183,1.5013
34184,1.502
34185,1.5025
34186,1.4945
34187,1.499
34190,1.4915
34191,1.4678
34192,1.473
34193,1.466
34194,1.46
34197,1.4895
34198,1.4888
34199,1.5165
34200,1.5055
34201,1.515
34204,1.5065
34205,1.4987
34206,1.482
34207,1.5105
34208,1.5045
34211,1.4937
34212,1.4925
34213,1.5045
34214,1.5022
34215,1.532
34218,1.5271
34219,1.539
34220,1.543
34221,1.5498
34222,1.5525
34225,1.546
34226,1.5455
34227,1.5495
34228,1.532
34229,1.533
34232,1.5335
34233,1.514
34234,1.518
34235,1.506
34236,1.509
34239,1.5137
34240,1.514
34241,1.5135
34242,1.496
34243,1.505
34246,1.5155
34247,1.5175
34248,1.5251
34249,1.523
34250,1.535
34253,1.5319
34254,1.5325
34255,1.5225
34256,1.5154
34257,1.5132
34260,1.4865
34261,1.489
34262,1.4945
34263,1.4846
34264,1.473
34267,1.4793
34268,1.481
34269,1.4815
34270,1.49
34271,1.48
34274,1.483
34275,1.474
34276,1.4845
34277,1.4815
34278,1.4827
34281,1.4817
34282,1.469
34283,1.479
34284,1.4762
34285,1.4925
34288,1.489
34289,1.4805
34290,1.48
34291,1.4785
34292,1.4745
34295,1.4765
34296,1.4858
34297,1.4885
34298,1.4887
34299,1.4795
34302,1.4897
34303,1.4858
34304,1.4785
34305,1.4848
34306,1.491
34309,1.5049
34310,1.4927
34311,1.4945
34312,1.495
34313,1.4955
34316,1.4905
34317,1.489
34318,1.4789
34319,1.4881
34320,1.4876
34323,1.4862
34324,1.4886
34325,1.497
34326,1.504
34327,1.504
34330,1.5046
34331,1.508
34332,1.4776
34333,1.4766
34334,1.4775
34337,1.4752
34338,1.4869
34339,1.4876
34340,1.4815
34341,1.4931
34344,1.4934
34345,1.491
34346,1.5042
34347,1.4967
34348,1.4926
34351,1.494
34352,1.4964
34353,1.4925
34354,1.4976
34355,1.4926
34358,1.4939
34359,1.4958
34360,1.4951
34361,1.5085
34362,1.4955
34365,1.5069
34366,1.5011
34367,1.4956
34368,1.4875
34369,1.478
34372,1.4837
34373,1.4669
34374,1.462
34375,1.4635
34376,1.4631
34379,1.4855
34380,1.4735
34381,1.4771
34382,1.4795
34383,1.4821
34386,1.4753
34387,1.4789
34388,1.4795
34389,1.4847
34390,1.4886
34393,1.4855
34394,1.4895
34395,1.497
34396,1.4965
34397,1.4901
34400,1.49
34401,1.4876
34402,1.4975
34403,1.5035
34404,1.5001
34407,1.496
34408,1.491
34409,1.4956
34410,1.4936
34411,1.491
34414,1.4898
34415,1.4881
34416,1.4976
34417,1.4981
34418,1.4971
34421,1.4961
34422,1.4841
34423,1.4796
34424,1.484
34425,1.474
34428,1.4662
34429,1.4641
34430,1.468
34431,1.4735
34432,1.4761
34435,1.4708
34436,1.4765
34437,1.4766
34438,1.4771
34439,1.4715
34442,1.4769
34443,1.4816
34444,1.4921
34445,1.4911
34446,1.4886
34449,1.4917
34450,1.5055
34451,1.506
34452,1.5136
34453,1.5185
34456,1.5161
34457,1.5139
34458,1.5021
34459,1.4989
34460,1.4936
34463,1.4982
34464,1.4891
34465,1.4941
34466,1.5001
34467,1.4991
34470,1.503
34471,1.5025
34472,1.5085
34473,1.5075
34474,1.5065
34477,1.5075
34478,1.5058
34479,1.5097
34480,1.5095
34481,1.5105
34484,1.5098
34485,1.5113
34486,1.5165
34487,1.511
34488,1.5065
34491,1.5082
34492,1.51
34493,1.5109
34494,1.5098
34495,1.5095
34498,1.5215
34499,1.519
34500,1.5217
34501,1.52
34502,1.5355
34505,1.5377
34506,1.5415
34507,1.532
34508,1.5388
34509,1.553
34512,1.544
34513,1.5528
34514,1.5459
34515,1.5443
34516,1.538
34519,1.539
34520,1.5439
34521,1.546
34522,1.5412
34523,1.55
34526,1.5732
34527,1.569
34528,1.564
34529,1.5602
34530,1.5613
34533,1.5615
34534,1.548
34535,1.547
34536,1.525
34537,1.5275
34540,1.5308
34541,1.5245
34542,1.5325
34543,1.5274
34544,1.544
34547,1.5357
34548,1.5356
34549,1.5428
34550,1.5365
34551,1.542
34554,1.5399
34555,1.54
34556,1.538
34557,1.5465
34558,1.548
34561,1.5419
34562,1.5392
34563,1.5423
34564,1.5491
34565,1.548
34568,1.5568
34569,1.557
34570,1.5525
34571,1.5565
34572,1.5278
34575,1.5365
34576,1.534
34577,1.534
34578,1.5462
34579,1.549
34582,1.5464
34583,1.5524
34584,1.5449
34585,1.544
34586,1.553
34589,1.5694
34590,1.5637
34591,1.566
34592,1.562
34593,1.579
34596,1.5698
34597,1.576
34598,1.5783
34599,1.575
34600,1.5772
34603,1.5715
34604,1.5794
34605,1.574
34606,1.5781
34607,1.5775
34610,1.5794
34611,1.5815
34612,1.5869
34613,1.5905
34614,1.5865
34617,1.5859
34618,1.5795
34619,1.5828
34620,1.5888
34621,1.5943
34624,1.611
34625,1.6134
34626,1.6225
34627,1.6311
34628,1.627
34631,1.633
34632,1.6358
34633,1.6323
34634,1.6374
34635,1.624
34638,1.6305
34639,1.6325
34640,1.6344
34641,1.6129
34642,1.616
34645,1.616
34646,1.6219
34647,1.6054
34648,1.5985
34649,1.5961
34652,1.5885
34653,1.584
34654,1.5725
34655,1.5774
34656,1.5665
34659,1.5664
34660,1.5701
34661,1.5722
34662,1.562
34663,1.563
34666,1.5629
34667,1.5642
34668,1.5675
34669,1.5652
34670,1.5597
34673,1.559
34674,1.5618
34675,1.5638
34676,1.5635
34677,1.5595
34680,1.5641
34681,1.5603
34682,1.5617
34683,1.5632
34684,1.5603
34687,1.5621
34688,1.5605
34689,1.5595
34690,1.5466
34691,1.5463
34694,1.5435
34695,1.5455
34696,1.5435
34697,1.5602
34698,1.5648
34701,1.56
34702,1.5632
34703,1.561
34704,1.5633
34705,1.5495
34708,1.5578
34709,1.5585
34710,1.5586
34711,1.5722
34712,1.5692
34715,1.5694
34716,1.568
34717,1.5705
34718,1.5758
34719,1.589
34722,1.5954
34723,1.5967
34724,1.5933
34725,1.5914
34726,1.589
34729,1.5938
34730,1.582
34731,1.5804
34732,1.5832
34733,1.5635
34736,1.5611
34737,1.5574
34738,1.553
34739,1.5563
34740,1.563
34743,1.5631
34744,1.5579
34745,1.56
34746,1.5765
34747,1.5815
34750,1.5826
34751,1.582
34752,1.5861
34753,1.5934
34754,1.5885
34757,1.5838
34758,1.5838
34759,1.5836
34760,1.5908
34761,1.6303
34764,1.6345
34765,1.6432
34766,1.6183
34767,1.6135
34768,1.574
34771,1.5915
34772,1.5865
34773,1.598
34774,1.5889
34775,1.584
34778,1.579
34779,1.585
34780,1.586
34781,1.5935
34782,1.5935
34785,1.596
34786,1.6098
34787,1.6085
34788,1.599
34789,1.6215
34792,1.6167
34793,1.6005
34794,1.6108
34795,1.608
34796,1.6153
34799,1.593
34800,1.5945
34801,1.591
34802,1.6076
34803,1.604
34806,1.624
34807,1.6145
34808,1.6148
34809,1.6088
34810,1.6125
34813,1.597
34814,1.6155
34815,1.6135
34816,1.618
34817,1.6125
34820,1.6173
34821,1.6132
34822,1.6155
34823,1.617
34824,1.5973
34827,1.607
34828,1.587
34829,1.5853
34830,1.5575
34831,1.566
34834,1.5647
34835,1.5711
34836,1.5704
34837,1.5684
34838,1.5703
34841,1.5784
34842,1.568
34843,1.5776
34844,1.6023
34845,1.604
34848,1.5977
34849,1.602
34850,1.5885
34851,1.5987
34852,1.5941
34855,1.5976
34856,1.5919
34857,1.5936
34858,1.5955
34859,1.5935
34862,1.5949
34863,1.594
34864,1.6148
34865,1.5976
34866,1.6049
34869,1.5982
34870,1.6042
34871,1.606
34872,1.597
34873,1.6055
34876,1.5865
34877,1.5865
34878,1.577
34879,1.5935
34880,1.5955
34883,1.5979
34884,1.5985
34885,1.5944
34886,1.5992
34887,1.5964
34890,1.59
34891,1.5887
34892,1.5916
34893,1.5999
34894,1.5955
34897,1.5947
34898,1.5965
34899,1.5966
34900,1.5954
34901,1.5982
34904,1.5974
34905,1.589
34906,1.5954
34907,1.5967
34908,1.6004
34911,1.5977
34912,1.6035
34913,1.6003
34914,1.6081
34915,1.6058
34918,1.6023
34919,1.6018
34920,1.5996
34921,1.5892
34922,1.569
34925,1.5749
34926,1.5558
34927,1.5522
34928,1.5406
34929,1.5393
34932,1.5411
34933,1.5322
34934,1.5403
34935,1.5433
34936,1.5507
34939,1.5527
34940,1.5448
34941,1.5475
34942,1.5497
34943,1.5573
34946,1.5535
34947,1.5587
34948,1.5501
34949,1.549
34950,1.5508
34953,1.5493
34954,1.5576
34955,1.5484
34956,1.5504
34957,1.5505
34960,1.5467
34961,1.5456
34962,1.5528
34963,1.5753
34964,1.5692
34967,1.5713
34968,1.5696
34969,1.5764
34970,1.5815
34971,1.5848
34974,1.5897
34975,1.5818
34976,1.5825
34977,1.5855
34978,1.5847
34981,1.5869
34982,1.5797
34983,1.5727
34984,1.576
34985,1.5751
34988,1.5738
34989,1.5726
34990,1.5686
34991,1.5735
34992,1.5727
34995,1.5787
34996,1.5795
34997,1.5797
34998,1.5795
34999,1.5773
35002,1.577
35003,1.582
35004,1.58
35005,1.5806
35006,1.5788
35009,1.5775
35010,1.5793
35011,1.5798
35012,1.5805
35013,1.5665
35016,1.5555
35017,1.5591
35018,1.5602
35019,1.5553
35020,1.5429
35023,1.5562
35024,1.5585
35025,1.5629
35026,1.5621
35027,1.5596
35030,1.5507
35031,1.5485
35032,1.5355
35033,1.5308
35034,1.531
35037,1.5347
35038,1.5438
35039,1.5424
35040,1.5343
35041,1.534
35044,1.5343
35045,1.5312
35046,1.5324
35047,1.5426
35048,1.5373
35051,1.5403
35052,1.5436
35053,1.54
35054,1.5403
35055,1.5446
35058,1.5446
35059,1.5585
35060,1.5585
35061,1.5485
35062,1.5496
35065,1.5525
35066,1.5552
35067,1.5525
35068,1.5443
35069,1.5509
35072,1.5502
35073,1.548
35074,1.549
35075,1.5458
35076,1.5465
35079,1.5467
35080,1.5337
35081,1.523
35082,1.5215
35083,1.5115
35086,1.5131
35087,1.5136
35088,1.51
35089,1.5066
35090,1.5038
35093,1.5033
35094,1.5055
35095,1.5153
35096,1.5158
35097,1.5252
35100,1.5389
35101,1.5405
35102,1.5365
35103,1.5363
35104,1.531
35107,1.5301
35108,1.535
35109,1.5386
35110,1.5395
35111,1.552
35114,1.5464
35115,1.5431
35116,1.5425
35117,1.5445
35118,1.5399
35121,1.5399
35122,1.5421
35123,1.5316
35124,1.5315
35125,1.5285
35128,1.5298
35129,1.5293
35130,1.5295
35131,1.5294
35132,1.5234
35135,1.5253
35136,1.5246
35137,1.525
35138,1.5237
35139,1.5272
35142,1.5305
35143,1.5333
35144,1.5385
35145,1.5365
35146,1.5366
35149,1.5205
35150,1.5246
35151,1.5207
35152,1.5242
35153,1.527
35156,1.5242
35157,1.5246
35158,1.5259
35159,1.53
35160,1.529
35163,1.5312
35164,1.5235
35165,1.5081
35166,1.5128
35167,1.5125
35170,1.5082
35171,1.5055
35172,1.5078
35173,1.5158
35174,1.5136
35177,1.512
35178,1.5169
35179,1.5134
35180,1.5069
35181,1.512
35184,1.5085
35185,1.5043
35186,1.4948
35187,1.5026
35188,1.507
35191,1.508
35192,1.5109
35193,1.5262
35194,1.5227
35195,1.5202
35198,1.515
35199,1.515
35200,1.5118
35201,1.5145
35202,1.5131
35205,1.514
35206,1.5122
35207,1.5084
35208,1.5126
35209,1.512
35212,1.5134
35213,1.5126
35214,1.5245
35215,1.537
35216,1.5511
35219,1.5561
35220,1.5487
35221,1.5479
35222,1.5421
35223,1.536
35226,1.5339
35227,1.5356
35228,1.5355
35229,1.5342
35230,1.5361
35233,1.5444
35234,1.5444
35235,1.5445
35236,1.5414
35237,1.5355
35240,1.541
35241,1.5375
35242,1.5428
35243,1.5473
35244,1.5527
35247,1.557
35248,1.5585
35249,1.5637
35250,1.5585
35251,1.5576
35254,1.553
35255,1.5501
35256,1.5513
35257,1.5542
35258,1.5513
35261,1.5509
35262,1.5625
35263,1.5467
35264,1.547
35265,1.545
35268,1.5515
35269,1.551
35270,1.5524
35271,1.5585
35272,1.5551
35275,1.5581
35276,1.5573
35277,1.5563
35278,1.5555
35279,1.5428
35282,1.5425
35283,1.5378
35284,1.5435
35285,1.5499
35286,1.5511
35289,1.5528
35290,1.5513
35291,1.5498
35292,1.5518
35293,1.5481
35296,1.5445
35297,1.5486
35298,1.5507
35299,1.5503
35300,1.5566
35303,1.556
35304,1.5538
35305,1.5591
35306,1.5575
35307,1.5647
35310,1.5589
35311,1.5674
35312,1.568
35313,1.5672
35314,1.5595
35317,1.5582
35318,1.5556
35319,1.5567
35320,1.5546
35321,1.5542
35324,1.5564
35325,1.5554
35326,1.561
35327,1.5526
35328,1.5556
35331,1.5563
35332,1.5579
35333,1.5633
35334,1.5595
35335,1.5633
35338,1.5642
35339,1.565
35340,1.566
35341,1.5658
35342,1.5652
35345,1.5642
35346,1.5629
35347,1.5645
35348,1.5655
35349,1.5758
35352,1.5815
35353,1.5841
35354,1.5832
35355,1.5867
35356,1.5903
35359,1.593
35360,1.5966
35361,1.5988
35362,1.5926
35363,1.6009
35366,1.6105
35367,1.6111
35368,1.632
35369,1.628
35370,1.637
35373,1.6444
35374,1.6456
35375,1.6411
35376,1.6495
35377,1.6492
35380,1.6471
35381,1.6466
35382,1.6593
35383,1.6645
35384,1.6637
35387,1.6706
35388,1.6759
35389,1.6776
35390,1.689
35391,1.6794
35394,1.6711
35395,1.672
35396,1.6745
35397,1.6806
35398,1.6821
35401,1.6823
35402,1.6386
35403,1.6385
35404,1.627
35405,1.6468
35408,1.6477
35409,1.6518
35410,1.6566
35411,1.6561
35412,1.6557
35415,1.6637
35416,1.6699
35417,1.6715
35418,1.6641
35419,1.6725
35422,1.6743
35423,1.673
35424,1.6728
35425,1.6732
35426,1.692
35429,1.6905
35430,1.7153
35431,1.7128
35432,1.6898
35433,1.6873
35436,1.6906
35437,1.6952
35438,1.6873
35439,1.695
35440,1.68
35443,1.6741
35444,1.6722
35445,1.6789
35446,1.6764
35447,1.6674
35450,1.6608
35451,1.6629
35452,1.6494
35453,1.6211
35454,1.6288
35457,1.621
35458,1.6165
35459,1.6223
35460,1.614
35461,1.6024
35464,1.6125
35465,1.6205
35466,1.6378
35467,1.6363
35468,1.628
35471,1.6388
35472,1.6384
35473,1.633
35474,1.622
35475,1.6232
35478,1.617
35479,1.6041
35480,1.6154
35481,1.611
35482,1.6188
35485,1.6337
35486,1.6335
35487,1.6325
35488,1.625
35489,1.6286
35492,1.6169
35493,1.6143
35494,1.6127
35495,1.6142
35496,1.6032
35499,1.603
35500,1.6053
35501,1.596
35502,1.5966
35503,1.6011
35506,1.589
35507,1.5901
35508,1.5988
35509,1.5955
35510,1.6043
35513,1.6175
35514,1.617
35515,1.6285
35516,1.6315
35517,1.6317
35520,1.6452
35521,1.6488
35522,1.6424
35523,1.645
35524,1.6346
35527,1.6265
35528,1.6239
35529,1.6197
35530,1.6224
35531,1.6277
35534,1.6218
35535,1.6265
35536,1.6241
35537,1.6305
35538,1.6332
35541,1.6363
35542,1.6363
35543,1.6233
35544,1.6251
35545,1.6216
35548,1.6255
35549,1.6304
35550,1.6235
35551,1.6246
35552,1.6217
35555,1.62
35556,1.6356
35557,1.6367
35558,1.6209
35559,1.623
35562,1.6236
35563,1.6317
35564,1.6427
35565,1.6451
35566,1.6358
35569,1.6401
35570,1.6442
35571,1.6476
35572,1.6274
35573,1.6345
35576,1.6398
35577,1.633
35578,1.639
35579,1.6413
35580,1.6387
35583,1.6338
35584,1.6349
35585,1.6268
35586,1.6342
35587,1.6317
35590,1.6369
35591,1.6376
35592,1.6377
35593,1.6349
35594,1.635
35597,1.6351
35598,1.6385
35599,1.6395
35600,1.6482
35601,1.6563
35604,1.6685
35605,1.6643
35606,1.6622
35607,1.6643
35608,1.664
35611,1.6658
35612,1.6585
35613,1.6706
35614,1.6905
35615,1.6873
35618,1.6866
35619,1.6886
35620,1.6853
35621,1.6871
35622,1.694
35625,1.6877
35626,1.6746
35627,1.6756
35628,1.6744
35629,1.6806
35632,1.6773
35633,1.6774
35634,1.6784
35635,1.674
35636,1.662
35639,1.6316
35640,1.6284
35641,1.6298
35642,1.6394
35643,1.6314
35646,1.6277
35647,1.625
35648,1.6025
35649,1.5897
35650,1.5896
35653,1.5892
35654,1.5781
35655,1.5824
35656,1.5862
35657,1.6108
35660,1.6115
35661,1.6033
35662,1.5926
35663,1.5871
35664,1.6083
35667,1.6066
35668,1.612
35669,1.6137
35670,1.6158
35671,1.6153
35674,1.6116
35675,1.5924
35676,1.5866
35677,1.5847
35678,1.5937
35681,1.5829
35682,1.5878
35683,1.5847
35684,1.6025
35685,1.6074
35688,1.607
35689,1.5949
35690,1.6003
35691,1.6069
35692,1.6121
35695,1.6013
35696,1.6125
35697,1.6145
35698,1.6275
35699,1.608
35702,1.6143
35703,1.6143
35704,1.614
35705,1.6133
35706,1.6158
35709,1.6131
35710,1.6205
35711,1.6185
35712,1.6262
35713,1.621
35716,1.6214
35717,1.6191
35718,1.6229
35719,1.6185
35720,1.6186
35723,1.6333
35724,1.6343
35725,1.6339
35726,1.6341
35727,1.6334
35730,1.6562
35731,1.6728
35732,1.6715
35733,1.6668
35734,1.6727
35737,1.677
35738,1.6858
35739,1.6779
35740,1.6912
35741,1.688
35744,1.6974
35745,1.704
35746,1.7053
35747,1.7017
35748,1.694
35751,1.6939
35752,1.694
35753,1.6883
35754,1.6917
35755,1.6935
35758,1.6893
35759,1.6789
35760,1.6741
35761,1.6724
35762,1.689
35765,1.6835
35766,1.682
35767,1.683
35768,1.6708
35769,1.6569
35772,1.648
35773,1.652
35774,1.6492
35775,1.6567
35776,1.651
35779,1.6316
35780,1.6369
35781,1.652
35782,1.6631
35783,1.6695
35786,1.6622
35787,1.668
35788,1.669
35789,1.6685
35790,1.6759
35793,1.6727
35794,1.657
35795,1.648
35796,1.6523
35797,1.645
35800,1.627
35801,1.628
35802,1.6246
35803,1.6153
35804,1.6128
35807,1.6209
35808,1.6335
35809,1.6307
35810,1.6308
35811,1.6284
35814,1.6358
35815,1.6255
35816,1.6303
35817,1.6475
35818,1.6723
35821,1.6555
35822,1.6485
35823,1.6439
35824,1.64
35825,1.632
35828,1.6365
35829,1.6437
35830,1.658
35831,1.6564
35832,1.6406
35835,1.6275
35836,1.6257
35837,1.633
35838,1.6388
35839,1.6412
35842,1.637
35843,1.6319
35844,1.6401
35845,1.6351
35846,1.638
35849,1.6489
35850,1.6511
35851,1.6423
35852,1.6472
35853,1.643
35856,1.649
35857,1.6531
35858,1.6476
35859,1.6442
35860,1.6385
35863,1.6363
35864,1.6386
35865,1.647
35866,1.6547
35867,1.6728
35870,1.6679
35871,1.6725
35872,1.6695
35873,1.6678
35874,1.6679
35877,1.6773
35878,1.6749
35879,1.6747
35880,1.6877
35881,1.6827
35884,1.6786
35885,1.674
35886,1.6731
35887,1.6677
35888,1.6588
35891,1.666
35892,1.6653
35893,1.6731
35894,1.6712
35895,1.673
35898,1.6687
35899,1.6843
35900,1.6843
35901,1.6921
35902,1.682
35905,1.674
35906,1.6778
35907,1.6733
35908,1.6656
35909,1.6661
35912,1.6742
35913,1.6678
35914,1.6702
35915,1.6706
35916,1.6661
35919,1.665
35920,1.6598
35921,1.6601
35922,1.646
35923,1.6389
35926,1.632
35927,1.6345
35928,1.63
35929,1.6321
35930,1.6267
35933,1.6215
35934,1.6245
35935,1.6324
35936,1.6327
35937,1.6279
35940,1.6279
35941,1.6355
35942,1.6306
35943,1.629
35944,1.631
35947,1.6402
35948,1.6386
35949,1.639
35950,1.6395
35951,1.6344
35954,1.6335
35955,1.6357
35956,1.6291
35957,1.6306
35958,1.6338
35961,1.6325
35962,1.6559
35963,1.6658
35964,1.6673
35965,1.6749
35968,1.6733
35969,1.667
35970,1.6685
35971,1.6712
35972,1.6621
35975,1.6663
35976,1.6703
35977,1.6598
35978,1.6557
35979,1.6462
35982,1.6421
35983,1.6379
35984,1.6371
35985,1.6315
35986,1.6335
35989,1.6444
35990,1.634
35991,1.6336
35992,1.639
35993,1.643
35996,1.6472
35997,1.6434
35998,1.6427
35999,1.6487
36000,1.659
36003,1.6565
36004,1.6516
36005,1.6455
36006,1.6399
36007,1.6326
36010,1.6299
36011,1.6407
36012,1.6375
36013,1.6339
36014,1.6308
36017,1.634
36018,1.6321
36019,1.628
36020,1.6268
36021,1.6178
36024,1.6175
36025,1.6175
36026,1.624
36027,1.6331
36028,1.6375
36031,1.6404
36032,1.6392
36033,1.6379
36034,1.65
36035,1.6806
36038,1.6753
36039,1.676
36040,1.6692
36041,1.6764
36042,1.6726
36045,1.6655
36046,1.6586
36047,1.664
36048,1.687
36049,1.6728
36052,1.68
36053,1.675
36054,1.6761
36055,1.6826
36056,1.6812
36059,1.6835
36060,1.6849
36061,1.6818
36062,1.698
36063,1.6977
36066,1.7057
36067,1.7131
36068,1.697
36069,1.705
36070,1.7004
36073,1.6878
36074,1.6852
36075,1.6977
36076,1.727
36077,1.7084
36080,1.6925
36081,1.7021
36082,1.7066
36083,1.7005
36084,1.7027
36087,1.7028
36088,1.706
36089,1.6963
36090,1.6947
36091,1.6876
36094,1.678
36095,1.67
36096,1.6714
36097,1.6746
36098,1.6755
36101,1.6629
36102,1.6578
36103,1.6575
36104,1.6625
36105,1.6603
36108,1.6605
36109,1.6601
36110,1.6622
36111,1.6607
36112,1.6638
36115,1.6783
36116,1.6776
36117,1.6715
36118,1.667
36119,1.6563
36122,1.6557
36123,1.658
36124,1.6608
36125,1.6615
36126,1.6511
36129,1.648
36130,1.6535
36131,1.667
36132,1.6661
36133,1.6662
36136,1.6537
36137,1.6544
36138,1.659
36139,1.67
36140,1.6918
36143,1.6942
36144,1.6873
36145,1.6731
36146,1.6744
36147,1.681
36150,1.6807
36151,1.6781
36152,1.6774
36153,1.6716
36154,1.673
36157,1.6752
36158,1.685
36159,1.6615
36160,1.6595
36161,1.6604
36164,1.6579
36165,1.6564
36166,1.6534
36167,1.6494
36168,1.6405
36171,1.6369
36172,1.631
36173,1.649
36174,1.6546
36175,1.6502
36178,1.653
36179,1.6562
36180,1.6463
36181,1.6543
36182,1.6535
36185,1.6573
36186,1.6592
36187,1.6485
36188,1.6481
36189,1.6449
36192,1.6406
36193,1.6419
36194,1.6379
36195,1.6385
36196,1.6319
36199,1.6377
36200,1.6346
36201,1.6279
36202,1.6241
36203,1.6349
36206,1.627
36207,1.6317
36208,1.6343
36209,1.6353
36210,1.622
36213,1.624
36214,1.6143
36215,1.5991
36216,1.6073
36217,1.6025
36220,1.6118
36221,1.6148
36222,1.6132
36223,1.6068
36224,1.6056
36227,1.6081
36228,1.6183
36229,1.6264
36230,1.6364
36231,1.632
36234,1.6238
36235,1.6267
36236,1.631
36237,1.6309
36238,1.6289
36241,1.6284
36242,1.6388
36243,1.64
36244,1.6277
36245,1.624
36248,1.6141
36249,1.6117
36250,1.6145
36251,1.6065
36252,1.6039
36255,1.6017
36256,1.5933
36257,1.5951
36258,1.6072
36259,1.6105
36262,1.6143
36263,1.6143
36264,1.6123
36265,1.6104
36266,1.614
36269,1.6085
36270,1.612
36271,1.6073
36272,1.6129
36273,1.6108
36276,1.6109
36277,1.6174
36278,1.6138
36279,1.6083
36280,1.6095
36283,1.6084
36284,1.6264
36285,1.6366
36286,1.6404
36287,1.6295
36290,1.627
36291,1.621
36292,1.6187
36293,1.6194
36294,1.6189
36297,1.6192
36298,1.6213
36299,1.6189
36300,1.6088
36301,1.6011
36304,1.5976
36305,1.6023
36306,1.5959
36307,1.5962
36308,1.6023
36311,1.6028
36312,1.612
36313,1.6044
36314,1.6057
36315,1.6108
36318,1.5998
36319,1.605
36320,1.6
36321,1.6022
36322,1.6168
36325,1.6057
36326,1.5911
36327,1.5869
36328,1.5939
36329,1.5969
36332,1.5911
36333,1.5893
36334,1.5789
36335,1.5881
36336,1.5873
36339,1.585
36340,1.5763
36341,1.5759
36342,1.5752
36343,1.5789
36346,1.5743
36347,1.5633
36348,1.5595
36349,1.5591
36350,1.5485
36353,1.5571
36354,1.5573
36355,1.5639
36356,1.5656
36357,1.5623
36360,1.5765
36361,1.5723
36362,1.5788
36363,1.5844
36364,1.5779
36367,1.5898
36368,1.5912
36369,1.5969
36370,1.6183
36371,1.6216
36374,1.6173
36375,1.6225
36376,1.6213
36377,1.617
36378,1.609
36381,1.6033
36382,1.6166
36383,1.6094
36384,1.6105
36385,1.6045
36388,1.6013
36389,1.6043
36390,1.6025
36391,1.617
36392,1.615
36395,1.6039
36396,1.5948
36397,1.5866
36398,1.5877
36399,1.5884
36402,1.5899
36403,1.6095
36404,1.6037
36405,1.607
36406,1.6024
36409,1.6073
36410,1.6061
36411,1.6204
36412,1.6318
36413,1.6185
36416,1.6082
36417,1.6052
36418,1.611
36419,1.6246
36420,1.6234
36423,1.6214
36424,1.6318
36425,1.6359
36426,1.6375
36427,1.6422
36430,1.6464
36431,1.65
36432,1.6445
36433,1.6465
36434,1.6545
36437,1.6559
36438,1.6528
36439,1.6555
36440,1.652
36441,1.6514
36444,1.6519
36445,1.6564
36446,1.6541
36447,1.6633
36448,1.6697
36451,1.6701
36452,1.6711
36453,1.6653
36454,1.677
36455,1.6525
36458,1.6631
36459,1.6524
36460,1.6488
36461,1.6358
36462,1.6448
36465,1.6407
36466,1.6455
36467,1.6463
36468,1.6234
36469,1.6195
36472,1.6159
36473,1.6216
36474,1.6262
36475,1.6237
36476,1.6152
36479,1.6211
36480,1.6166
36481,1.6253
36482,1.6171
36483,1.6199
36486,1.6197
36487,1.6236
36488,1.6062
36489,1.6155
36490,1.6073
36493,1.6035
36494,1.5964
36495,1.5978
36496,1.5985
36497,1.6006
36500,1.6198
36501,1.6238
36502,1.6281
36503,1.6259
36504,1.6215
36507,1.6245
36508,1.6119
36509,1.6061
36510,1.6089
36511,1.6044
36514,1.6044
36515,1.6131
36516,1.6061
36517,1.6146
36518,1.6158
36521,1.6179
36522,1.6149
36523,1.6194
36524,1.6142
36525,1.6182
36528,1.6334
36529,1.6388
36530,1.6446
36531,1.6456
36532,1.6393
36535,1.6388
36536,1.646
36537,1.6464
36538,1.6468
36539,1.6313
36542,1.6318
36543,1.6383
36544,1.6451
36545,1.6565
36546,1.6487
36549,1.6506
36550,1.6496
36551,1.6363
36552,1.6353
36553,1.6201
36556,1.6141
36557,1.6106
36558,1.6082
36559,1.5964
36560,1.5918
36563,1.5949
36564,1.6108
36565,1.6133
36566,1.6069
36567,1.5936
36570,1.5898
36571,1.5966
36572,1.6058
36573,1.6055
36574,1.6013
36577,1.5998
36578,1.6166
36579,1.6045
36580,1.5993
36581,1.5953
36584,1.5965
36585,1.5802
36586,1.5897
36587,1.5802
36588,1.5778
36591,1.5731
36592,1.5756
36593,1.5867
36594,1.5811
36595,1.5765
36598,1.5771
36599,1.5751
36600,1.5745
36601,1.5743
36602,1.5748
36605,1.5697
36606,1.5721
36607,1.5797
36608,1.5881
36609,1.5941
36612,1.585
36613,1.5875
36614,1.5879
36615,1.5926
36616,1.5911
36619,1.5982
36620,1.6023
36621,1.5847
36622,1.5794
36623,1.5795
36626,1.5837
36627,1.5867
36628,1.5866
36629,1.587
36630,1.5868
36633,1.5848
36634,1.5787
36635,1.5795
36636,1.5792
36637,1.5795
36640,1.5786
36641,1.5803
36642,1.5784
36643,1.5759
36644,1.5513
36647,1.5543
36648,1.5592
36649,1.5573
36650,1.5419
36651,1.5303
36654,1.531
36655,1.5322
36656,1.5134
36657,1.5022
36658,1.5202
36661,1.5068
36662,1.4994
36663,1.4923
36664,1.481
36665,1.487
36668,1.4913
36669,1.4746
36670,1.4787
36671,1.4683
36672,1.49
36675,1.4914
36676,1.4957
36677,1.4985
36678,1.4911
36679,1.5098
36682,1.5187
36683,1.5265
36684,1.5239
36685,1.5092
36686,1.5096
36689,1.5126
36690,1.5097
36691,1.5017
36692,1.5115
36693,1.5153
36696,1.5124
36697,1.5133
36698,1.4983
36699,1.5096
36700,1.5011
36703,1.5
36704,1.5031
36705,1.5115
36706,1.5183
36707,1.5141
36710,1.5128
36711,1.5153
36712,1.51
36713,1.5079
36714,1.5139
36717,1.5128
36718,1.5134
36719,1.5069
36720,1.503
36721,1.5006
36724,1.4928
36725,1.4954
36726,1.4953
36727,1.5108
36728,1.517
36731,1.5143
36732,1.518
36733,1.5157
36734,1.5123
36735,1.5027
36738,1.4986
36739,1.498
36740,1.4925
36741,1.4953
36742,1.5065
36745,1.5096
36746,1.502
36747,1.5013
36748,1.4985
36749,1.5015
36752,1.5055
36753,1.5048
36754,1.4983
36755,1.4987
36756,1.4895
36759,1.4902
36760,1.4824
36761,1.4838
36762,1.4814
36763,1.4692
36766,1.4715
36767,1.4563
36768,1.456
36769,1.447
36770,1.4642
36773,1.4586
36774,1.4524
36775,1.4436
36776,1.4364
36777,1.4151
36780,1.4106
36781,1.404
36782,1.4117
36783,1.4054
36784,1.3977
36787,1.4017
36788,1.4073
36789,1.4112
36790,1.4332
36791,1.4537
36794,1.4513
36795,1.4605
36796,1.4595
36797,1.4635
36798,1.4754
36801,1.4665
36802,1.458
36803,1.4573
36804,1.4462
36805,1.4459
36808,1.4467
36809,1.45
36810,1.4599
36811,1.4728
36812,1.4498
36815,1.4475
36816,1.4445
36817,1.4414
36818,1.4445
36819,1.4512
36822,1.4575
36823,1.4499
36824,1.4338
36825,1.4365
36826,1.455
36829,1.4513
36830,1.4494
36831,1.4465
36832,1.4438
36833,1.4485
36836,1.4272
36837,1.4348
36838,1.4227
36839,1.4227
36840,1.4254
36843,1.4393
36844,1.4298
36845,1.4261
36846,1.4232
36847,1.4227
36850,1.4218
36851,1.4163
36852,1.4103
36853,1.3991
36854,1.3994
36857,1.4181
36858,1.4172
36859,1.4237
36860,1.4227
36861,1.4423
36864,1.4538
36865,1.439
36866,1.438
36867,1.4429
36868,1.4518
36871,1.457
36872,1.447
36873,1.4509
36874,1.4677
36875,1.4757
36878,1.4706
36879,1.4643
36880,1.4745
36881,1.4723
36882,1.4765
36885,1.4791
36886,1.4788
36887,1.4948
36888,1.4899
36889,1.493
36892,1.4932
36893,1.4987
36894,1.5045
36895,1.4972
36896,1.5038
36899,1.4948
36900,1.4891
36901,1.4924
36902,1.4977
36903,1.4786
36906,1.4784
36907,1.4684
36908,1.4724
36909,1.4749
36910,1.4628
36913,1.4643
36914,1.47
36915,1.4611
36916,1.4622
36917,1.4554
36920,1.4585
36921,1.4616
36922,1.4601
36923,1.4789
36924,1.4707
36927,1.4757
36928,1.4583
36929,1.4616
36930,1.4443
36931,1.4446
36934,1.451
36935,1.4527
36936,1.4584
36937,1.449
36938,1.4483
36941,1.4444
36942,1.4423
36943,1.4408
36944,1.4436
36945,1.455
36948,1.4451
36949,1.442
36950,1.4451
36951,1.454
36952,1.4681
36955,1.4696
36956,1.4668
36957,1.4583
36958,1.4676
36959,1.4698
36962,1.464
36963,1.4487
36964,1.4465
36965,1.44
36966,1.4318
36969,1.4237
36970,1.428
36971,1.4273
36972,1.421
36973,1.425
36976,1.4345
36977,1.4294
36978,1.4355
36979,1.4302
36980,1.4161
36983,1.4184
36984,1.4322
36985,1.4327
36986,1.4261
36987,1.44
36990,1.4491
36991,1.4335
36992,1.4365
36993,1.4391
36994,1.4389
36997,1.4363
36998,1.4276
36999,1.4314
37000,1.438
37001,1.4412
37004,1.4371
37005,1.4381
37006,1.4393
37007,1.4375
37008,1.4367
37011,1.4292
37012,1.4362
37013,1.436
37014,1.4314
37015,1.4393
37018,1.4389
37019,1.4285
37020,1.4214
37021,1.4217
37022,1.419
37025,1.4182
37026,1.4244
37027,1.4289
37028,1.4321
37029,1.4395
37032,1.4395
37033,1.4247
37034,1.4239
37035,1.4118
37036,1.4225
37039,1.4213
37040,1.4208
37041,1.4266
37042,1.4183
37043,1.4184
37046,1.4127
37047,1.4092
37048,1.3923
37049,1.3895
37050,1.3784
37053,1.3738
37054,1.3779
37055,1.3893
37056,1.4009
37057,1.4031
37060,1.4032
37061,1.3984
37062,1.3985
37063,1.4165
37064,1.4132
37067,1.4139
37068,1.4168
37069,1.419
37070,1.4066
37071,1.4153
37074,1.4165
37075,1.4062
37076,1.4075
37077,1.4
37078,1.4118
37081,1.4073
37082,1.4104
37083,1.41
37084,1.4063
37085,1.4037
37088,1.4002
37089,1.4041
37090,1.4174
37091,1.4275
37092,1.4277
37095,1.4198
37096,1.4234
37097,1.4281
37098,1.428
37099,1.4236
37102,1.4257
37103,1.4248
37104,1.4314
37105,1.4309
37106,1.4293
37109,1.4183
37110,1.4173
37111,1.4153
37112,1.4269
37113,1.4232
37116,1.4221
37117,1.4284
37118,1.4396
37119,1.447
37120,1.4451
37123,1.4444
37124,1.4476
37125,1.4526
37126,1.4467
37127,1.443
37130,1.4446
37131,1.4515
37132,1.4515
37133,1.4581
37134,1.4539
37137,1.4545
37138,1.4422
37139,1.4555
37140,1.4569
37141,1.4616
37144,1.4584
37145,1.4752
37146,1.4672
37147,1.4707
37148,1.4682
37151,1.4638
37152,1.4653
37153,1.4707
37154,1.4655
37155,1.4567
37158,1.4607
37159,1.4694
37160,1.4761
37161,1.4744
37162,1.4744
37165,1.4776
37166,1.4657
37167,1.4756
37168,1.4766
37169,1.4842
37172,1.4718
37173,1.4575
37174,1.4504
37175,1.4418
37176,1.453
37179,1.4476
37180,1.4484
37181,1.4475
37182,1.4445
37183,1.433
37186,1.4219
37187,1.4239
37188,1.4276
37189,1.4307
37190,1.4366
37193,1.4533
37194,1.4549
37195,1.457
37196,1.4627
37197,1.4628
37200,1.4584
37201,1.4573
37202,1.4623
37203,1.454
37204,1.4562
37207,1.4552
37208,1.4416
37209,1.4447
37210,1.4315
37211,1.4268
37214,1.4137
37215,1.4214
37216,1.4153
37217,1.4126
37218,1.4095
37221,1.4108
37222,1.4155
37223,1.424
37224,1.4239
37225,1.4241
37228,1.4248
37229,1.4213
37230,1.4149
37231,1.4283
37232,1.4338
37235,1.4349
37236,1.4383
37237,1.4449
37238,1.4431
37239,1.4543
37242,1.4591
37243,1.4573
37244,1.4508
37245,1.4444
37246,1.4411
37249,1.4431
37250,1.4444
37251,1.4512
37252,1.4534
37253,1.4513
37256,1.4542
37257,1.4545
37258,1.4456
37259,1.4378
37260,1.4473
37263,1.4389
37264,1.4407
37265,1.4359
37266,1.4427
37267,1.4486
37270,1.4491
37271,1.4426
37272,1.4356
37273,1.4347
37274,1.4383
37277,1.4358
37278,1.4286
37279,1.4254
37280,1.422
37281,1.4082
37284,1.4092
37285,1.4136
37286,1.4162
37287,1.4122
37288,1.4162
37291,1.4232
37292,1.4149
37293,1.4137
37294,1.41
37295,1.415
37298,1.4244
37299,1.434
37300,1.4302
37301,1.4297
37302,1.432
37305,1.4287
37306,1.4321
37307,1.4274
37308,1.4259
37309,1.4327
37312,1.4256
37313,1.4149
37314,1.4152
37315,1.4149
37316,1.4177
37319,1.4245
37320,1.4218
37321,1.4229
37322,1.4279
37323,1.423
37326,1.4189
37327,1.4159
37328,1.4128
37329,1.4212
37330,1.4248
37333,1.4254
37334,1.4232
37335,1.4262
37336,1.4274
37337,1.4258
37340,1.4262
37341,1.4268
37342,1.4241
37343,1.4254
37344,1.4259
37347,1.4412
37348,1.4358
37349,1.4357
37350,1.4348
37351,1.4321
37354,1.4298
37355,1.4352
37356,1.4375
37357,1.4395
37358,1.4372
37361,1.4384
37362,1.4393
37363,1.4436
37364,1.4473
37365,1.4476
37368,1.4485
37369,1.4485
37370,1.4492
37371,1.4548
37372,1.4582
37375,1.4578
37376,1.4578
37377,1.4641
37378,1.4644
37379,1.469
37382,1.4675
37383,1.467
37384,1.4554
37385,1.46
37386,1.4641
37389,1.4603
37390,1.4489
37391,1.4566
37392,1.4572
37393,1.4579
37396,1.4577
37397,1.458
37398,1.4582
37399,1.4562
37400,1.4581
37403,1.4568
37404,1.4613
37405,1.4618
37406,1.4668
37407,1.4553
37410,1.4625
37411,1.4638
37412,1.4577
37413,1.4585
37414,1.4596
37417,1.46
37418,1.4717
37419,1.4705
37420,1.4712
37421,1.4774
37424,1.4783
37425,1.4913
37426,1.4885
37427,1.4988
37428,1.4976
37431,1.5035
37432,1.5023
37433,1.5243
37434,1.5267
37435,1.5335
37438,1.5312
37439,1.5314
37440,1.5243
37441,1.5259
37442,1.5222
37445,1.5338
37446,1.5461
37447,1.5457
37448,1.5552
37449,1.5543
37452,1.5716
37453,1.5696
37454,1.5709
37455,1.5673
37456,1.5771
37459,1.5788
37460,1.5648
37461,1.5751
37462,1.5774
37463,1.5657
37466,1.5588
37467,1.5717
37468,1.5642
37469,1.5571
37470,1.57
37473,1.5653
37474,1.5354
37475,1.5376
37476,1.5293
37477,1.5246
37480,1.5318
37481,1.5322
37482,1.5432
37483,1.5375
37484,1.5392
37487,1.5281
37488,1.5279
37489,1.5299
37490,1.5188
37491,1.5201
37494,1.5232
37495,1.5328
37496,1.5348
37497,1.5475
37498,1.5505
37501,1.5496
37502,1.5622
37503,1.5653
37504,1.5661
37505,1.5603
37508,1.5576
37509,1.5532
37510,1.5505
37511,1.5595
37512,1.5519
37515,1.5434
37516,1.5376
37517,1.5521
37518,1.5535
37519,1.5546
37522,1.5517
37523,1.5583
37524,1.5622
37525,1.5588
37526,1.5609
37529,1.5698
37530,1.5699
37531,1.5652
37532,1.5706
37533,1.5654
37536,1.5646
37537,1.5535
37538,1.564
37539,1.5662
37540,1.5615
37543,1.5568
37544,1.551
37545,1.5526
37546,1.5513
37547,1.5457
37550,1.5428
37551,1.5479
37552,1.5492
37553,1.548
37554,1.5507
37557,1.5606
37558,1.5576
37559,1.5572
37560,1.5646
37561,1.5646
37564,1.5567
37565,1.5637
37566,1.5578
37567,1.579
37568,1.5917
37571,1.5879
37572,1.5878
37573,1.5864
37574,1.579
37575,1.5803
37578,1.5795
37579,1.583
37580,1.5751
37581,1.5762
37582,1.5803
37585,1.5631
37586,1.5504
37587,1.5451
37588,1.5523
37589,1.5575
37592,1.5566
37593,1.5703
37594,1.5703
37595,1.5714
37596,1.5765
37599,1.5789
37600,1.5704
37601,1.5764
37602,1.5805
37603,1.5902
37606,1.5928
37607,1.5959
37608,1.5992
37609,1.6003
37610,1.6032
37613,1.5889
37614,1.5966
37615,1.5957
37616,1.5974
37617,1.6039
37620,1.6048
37621,1.6105
37622,1.6105
37623,1.5939
37624,1.6113
37627,1.6069
37628,1.603
37629,1.6126
37630,1.6058
37631,1.6076
37634,1.6037
37635,1.6068
37636,1.6023
37637,1.6131
37638,1.6131
37641,1.6101
37642,1.616
37643,1.6164
37644,1.6221
37645,1.6333
37648,1.6356
37649,1.6403
37650,1.6469
37651,1.6485
37652,1.6463
37655,1.6405
37656,1.6488
37657,1.6408
37658,1.6374
37659,1.6319
37662,1.6278
37663,1.6191
37664,1.6152
37665,1.6213
37666,1.6155
37669,1.5995
37670,1.5919
37671,1.5969
37672,1.5938
37673,1.579
37676,1.5869
37677,1.5759
37678,1.58
37679,1.5793
37680,1.5724
37683,1.5777
37684,1.5831
37685,1.6023
37686,1.6033
37687,1.6033
37690,1.6002
37691,1.6057
37692,1.613
37693,1.6058
37694,1.5836
37697,1.5684
37698,1.5651
37699,1.5637
37700,1.5664
37701,1.5624
37704,1.576
37705,1.5708
37706,1.5742
37707,1.5642
37708,1.574
37711,1.5791
37712,1.5764
37713,1.5658
37714,1.5723
37715,1.5611
37718,1.551
37719,1.5502
37720,1.5632
37721,1.5725
37722,1.5705
37725,1.5731
37726,1.5693
37727,1.5747
37728,1.5719
37729,1.5711
37732,1.5612
37733,1.5769
37734,1.582
37735,1.5963
37736,1.5915
37739,1.5902
37740,1.5915
37741,1.6006
37742,1.6112
37743,1.6038
37746,1.6063
37747,1.612
37748,1.5954
37749,1.6015
37750,1.6053
37753,1.6095
37754,1.6085
37755,1.6184
37756,1.6225
37757,1.6215
37760,1.6364
37761,1.6424
37762,1.6405
37763,1.636
37764,1.6354
37767,1.6397
37768,1.6409
37769,1.6359
37770,1.6542
37771,1.6364
37774,1.6365
37775,1.6253
37776,1.633
37777,1.6617
37778,1.6623
37781,1.6445
37782,1.6519
37783,1.6669
37784,1.6676
37785,1.6724
37788,1.6807
37789,1.6835
37790,1.6786
37791,1.6787
37792,1.6642
37795,1.6689
37796,1.66
37797,1.6773
37798,1.6638
37799,1.6495
37802,1.6528
37803,1.663
37804,1.6628
37805,1.6712
37806,1.6663
37809,1.6489
37810,1.633
37811,1.632
37812,1.6327
37813,1.6307
37816,1.6229
37817,1.5948
37818,1.5914
37819,1.5937
37820,1.5906
37823,1.6005
37824,1.5994
37825,1.6085
37826,1.6121
37827,1.6215
37830,1.6256
37831,1.6245
37832,1.6186
37833,1.6072
37834,1.6114
37837,1.6107
37838,1.6025
37839,1.6098
37840,1.6135
37841,1.6031
37844,1.6095
37845,1.6014
37846,1.6064
37847,1.5992
37848,1.5962
37851,1.588
37852,1.5887
37853,1.5934
37854,1.5786
37855,1.575
37858,1.5708
37859,1.5732
37860,1.5743
37861,1.578
37862,1.5777
37865,1.5697
37866,1.5735
37867,1.5726
37868,1.5803
37869,1.5883
37872,1.5887
37873,1.5914
37874,1.5908
37875,1.5924
37876,1.603
37879,1.6027
37880,1.5882
37881,1.604
37882,1.6159
37883,1.6372
37886,1.6537
37887,1.6588
37888,1.6565
37889,1.6605
37890,1.6592
37893,1.6646
37894,1.6621
37895,1.6671
37896,1.6703
37897,1.6638
37900,1.6709
37901,1.6623
37902,1.6615
37903,1.6641
37904,1.6637
37907,1.6645
37908,1.6742
37909,1.6681
37910,1.6766
37911,1.6786
37914,1.6726
37915,1.6739
37916,1.6914
37917,1.6932
37918,1.6953
37921,1.6959
37922,1.6944
37923,1.6999
37924,1.6962
37925,1.6957
37928,1.6798
37929,1.6829
37930,1.6762
37931,1.6665
37932,1.6762
37935,1.6725
37936,1.6647
37937,1.6751
37938,1.6861
37939,1.688
37942,1.6886
37943,1.6997
37944,1.6983
37945,1.7021
37946,1.7045
37949,1.6957
37950,1.6976
37951,1.71
37952,1.7142
37953,1.7222
37956,1.7207
37957,1.7307
37958,1.7264
37959,1.7225
37960,1.7296
37963,1.7336
37964,1.7428
37965,1.7446
37966,1.7443
37967,1.7459
37970,1.7457
37971,1.7543
37972,1.7652
37973,1.7715
37974,1.7652
37977,1.763
37978,1.7639
37979,1.775
37980,1.7738
37981,1.7711
37984,1.7734
37985,1.7793
37986,1.7834
37987,1.7883
37988,1.7935
37991,1.8087
37992,1.8235
37993,1.8179
37994,1.834
37995,1.8477
37998,1.8517
37999,1.8423
38000,1.8405
38001,1.8202
38002,1.7986
38005,1.7831
38006,1.8208
38007,1.8314
38008,1.8425
38009,1.8261
38012,1.8166
38013,1.8261
38014,1.8368
38015,1.8124
38016,1.8238
38019,1.8157
38020,1.8372
38021,1.8339
38022,1.8384
38023,1.8477
38026,1.8575
38027,1.8697
38028,1.8819
38029,1.8916
38030,1.8853
38033,1.891
38034,1.905
38035,1.8964
38036,1.8939
38037,1.8615
38040,1.8679
38041,1.8909
38042,1.8735
38043,1.8652
38044,1.8685
38047,1.8695
38048,1.8359
38049,1.8234
38050,1.8219
38051,1.8461
38054,1.8433
38055,1.8394
38056,1.8051
38057,1.8021
38058,1.8036
38061,1.8027
38062,1.8107
38063,1.8156
38064,1.8351
38065,1.8335
38068,1.8483
38069,1.8526
38070,1.8313
38071,1.812
38072,1.8158
38075,1.8164
38076,1.8288
38077,1.8404
38078,1.8566
38079,1.8295
38082,1.8172
38083,1.8387
38084,1.8419
38085,1.8306
38086,1.8344
38089,1.8368
38090,1.8164
38091,1.7898
38092,1.7837
38093,1.7981
38096,1.8084
38097,1.7926
38098,1.7764
38099,1.7679
38100,1.7714
38103,1.7853
38104,1.7887
38105,1.7735
38106,1.7741
38107,1.7781
38110,1.7711
38111,1.7882
38112,1.7934
38113,1.7949
38114,1.7866
38117,1.7738
38118,1.7554
38119,1.7752
38120,1.7597
38121,1.7608
38124,1.7696
38125,1.7681
38126,1.7827
38127,1.773
38128,1.7873
38131,1.7934
38132,1.8136
38133,1.8129
38134,1.8354
38135,1.833
38138,1.8317
38139,1.8369
38140,1.8321
38141,1.837
38142,1.8405
38145,1.8416
38146,1.8351
38147,1.83
38148,1.8438
38149,1.8194
38152,1.8127
38153,1.829
38154,1.8288
38155,1.8346
38156,1.8382
38159,1.8316
38160,1.8202
38161,1.8183
38162,1.8275
38163,1.8268
38166,1.8255
38167,1.8069
38168,1.8144
38169,1.8183
38170,1.8306
38173,1.8287
38174,1.8427
38175,1.8552
38176,1.8573
38177,1.8594
38180,1.8651
38181,1.8557
38182,1.8573
38183,1.8519
38184,1.8731
38187,1.8715
38188,1.8546
38189,1.8348
38190,1.8458
38191,1.8317
38194,1.8401
38195,1.8212
38196,1.823
38197,1.8162
38198,1.8199
38201,1.8278
38202,1.8261
38203,1.8251
38204,1.8257
38205,1.8411
38208,1.8399
38209,1.8355
38210,1.8287
38211,1.823
38212,1.8431
38215,1.8401
38216,1.8288
38217,1.8245
38218,1.8308
38219,1.8201
38222,1.8134
38223,1.7914
38224,1.7974
38225,1.7942
38226,1.7904
38229,1.7959
38230,1.8042
38231,1.7925
38232,1.7911
38233,1.7766
38236,1.781
38237,1.7743
38238,1.7877
38239,1.783
38240,1.7966
38243,1.7967
38244,1.7996
38245,1.7765
38246,1.7923
38247,1.7932
38250,1.7862
38251,1.7951
38252,1.7931
38253,1.8008
38254,1.8058
38257,1.8076
38258,1.8113
38259,1.799
38260,1.8118
38261,1.7984
38264,1.7835
38265,1.7842
38266,1.7775
38267,1.7823
38268,1.795
38271,1.7973
38272,1.7877
38273,1.7893
38274,1.7959
38275,1.8042
38278,1.7979
38279,1.8044
38280,1.8173
38281,1.8288
38282,1.8281
38285,1.8418
38286,1.8346
38287,1.8314
38288,1.8288
38289,1.8373
38292,1.8326
38293,1.8386
38294,1.8456
38295,1.8426
38296,1.8552
38299,1.8549
38300,1.8585
38301,1.8442
38302,1.843
38303,1.8564
38306,1.8462
38307,1.8537
38308,1.8574
38309,1.852
38310,1.8574
38313,1.8576
38314,1.8725
38315,1.8812
38316,1.8876
38317,1.8941
38320,1.8959
38321,1.9097
38322,1.9314
38323,1.9209
38324,1.9439
38327,1.9432
38328,1.9448
38329,1.9337
38330,1.9181
38331,1.9148
38334,1.9238
38335,1.9255
38336,1.9431
38337,1.9321
38338,1.9418
38341,1.9477
38342,1.9262
38343,1.9141
38344,1.9196
38345,1.9235
38348,1.9379
38349,1.9312
38350,1.9162
38351,1.9254
38352,1.9182
38355,1.9038
38356,1.8833
38357,1.8852
38358,1.8745
38359,1.8712
38362,1.8732
38363,1.8785
38364,1.8929
38365,1.8831
38366,1.8705
38369,1.8615
38370,1.8682
38371,1.8714
38372,1.8706
38373,1.8771
38376,1.8774
38377,1.8638
38378,1.884
38379,1.8867
38380,1.8881
38383,1.8827
38384,1.8822
38385,1.8835
38386,1.88
38387,1.8758
38390,1.8573
38391,1.8557
38392,1.8573
38393,1.8726
38394,1.8686
38397,1.8904
38398,1.8947
38399,1.8809
38400,1.8944
38401,1.8943
38404,1.8976
38405,1.9081
38406,1.9074
38407,1.9128
38408,1.9194
38411,1.9232
38412,1.9188
38413,1.912
38414,1.9093
38415,1.9227
38418,1.9161
38419,1.928
38420,1.9269
38421,1.9227
38422,1.9265
38425,1.9127
38426,1.9144
38427,1.9258
38428,1.9235
38429,1.922
38432,1.8968
38433,1.8984
38434,1.8705
38435,1.8699
38436,1.871
38439,1.866
38440,1.8749
38441,1.8817
38442,1.8884
38443,1.8823
38446,1.874
38447,1.8774
38448,1.8826
38449,1.8774
38450,1.8856
38453,1.8921
38454,1.8854
38455,1.8916
38456,1.8811
38457,1.8927
38460,1.9037
38461,1.9152
38462,1.9192
38463,1.9083
38464,1.9145
38467,1.9108
38468,1.904
38469,1.9036
38470,1.9077
38471,1.9088
38474,1.893
38475,1.8917
38476,1.9001
38477,1.9068
38478,1.8903
38481,1.8821
38482,1.8819
38483,1.8725
38484,1.8653
38485,1.8506
38488,1.8374
38489,1.8396
38490,1.8382
38491,1.836
38492,1.8271
38495,1.8278
38496,1.8283
38497,1.8317
38498,1.8208
38499,1.8243
38502,1.8231
38503,1.8225
38504,1.8117
38505,1.8171
38506,1.8154
38509,1.8225
38510,1.8346
38511,1.833
38512,1.8217
38513,1.8126
38516,1.8043
38517,1.8063
38518,1.8231
38519,1.8226
38520,1.8309
38523,1.8233
38524,1.8257
38525,1.8195
38526,1.8172
38527,1.8245
38530,1.8278
38531,1.8162
38532,1.8059
38533,1.7918
38534,1.7675
38537,1.7583
38538,1.7542
38539,1.7583
38540,1.742
38541,1.7382
38544,1.7568
38545,1.7759
38546,1.7557
38547,1.7581
38548,1.752
38551,1.7507
38552,1.7383
38553,1.7291
38554,1.7533
38555,1.7389
38558,1.7457
38559,1.7415
38560,1.7424
38561,1.7582
38562,1.7579
38565,1.7706
38566,1.7713
38567,1.7772
38568,1.7814
38569,1.7793
38572,1.7859
38573,1.7843
38574,1.7941
38575,1.8072
38576,1.8147
38579,1.8084
38580,1.8066
38581,1.8053
38582,1.7946
38583,1.795
38586,1.8
38587,1.8007
38588,1.7994
38589,1.8036
38590,1.8002
38593,1.7962
38594,1.7837
38595,1.8035
38596,1.8285
38597,1.8418
38600,1.8425
38601,1.8419
38602,1.8405
38603,1.8371
38604,1.8391
38607,1.8208
38608,1.8226
38609,1.8249
38610,1.8075
38611,1.8082
38614,1.8024
38615,1.8034
38616,1.8087
38617,1.7914
38618,1.7755
38621,1.7771
38622,1.7664
38623,1.7667
38624,1.7626
38625,1.7643
38628,1.7546
38629,1.7594
38630,1.7635
38631,1.774
38632,1.7617
38635,1.7534
38636,1.7467
38637,1.7528
38638,1.7529
38639,1.7684
38642,1.7563
38643,1.7494
38644,1.7605
38645,1.7687
38646,1.7685
38649,1.7694
38650,1.7853
38651,1.7728
38652,1.7837
38653,1.7739
38656,1.7688
38657,1.7631
38658,1.7752
38659,1.7711
38660,1.7497
38663,1.7432
38664,1.7422
38665,1.738
38666,1.7469
38667,1.7424
38670,1.737
38671,1.7334
38672,1.7178
38673,1.7185
38674,1.7179
38677,1.7177
38678,1.7144
38679,1.7215
38680,1.7219
38681,1.7142
38684,1.7217
38685,1.7197
38686,1.7326
38687,1.733
38688,1.7328
38691,1.7431
38692,1.7418
38693,1.7342
38694,1.7528
38695,1.7548
38698,1.7763
38699,1.7677
38700,1.7726
38701,1.7634
38702,1.7728
38705,1.7622
38706,1.7532
38707,1.7415
38708,1.7381
38709,1.7334
38712,1.733
38713,1.7299
38714,1.7167
38715,1.7227
38716,1.723
38719,1.7231
38720,1.742
38721,1.7605
38722,1.757
38723,1.7706
38726,1.7675
38727,1.7642
38728,1.7659
38729,1.7608
38730,1.777
38733,1.7671
38734,1.7622
38735,1.7612
38736,1.7616
38737,1.7708
38740,1.7862
38741,1.7886
38742,1.7878
38743,1.784
38744,1.7674
38747,1.7678
38748,1.7835
38749,1.7767
38750,1.78
38751,1.763
38754,1.7453
38755,1.7452
38756,1.7399
38757,1.7413
38758,1.7443
38761,1.7425
38762,1.7336
38763,1.7398
38764,1.7356
38765,1.7421
38768,1.745
38769,1.7447
38770,1.7432
38771,1.7527
38772,1.7456
38775,1.7389
38776,1.7535
38777,1.7493
38778,1.7513
38779,1.7557
38782,1.7473
38783,1.7366
38784,1.7367
38785,1.7356
38786,1.726
38789,1.7297
38790,1.7462
38791,1.7456
38792,1.7569
38793,1.7565
38796,1.754
38797,1.7462
38798,1.747
38799,1.7358
38800,1.7424
38803,1.747
38804,1.7496
38805,1.7355
38806,1.7446
38807,1.7372
38810,1.7394
38811,1.7555
38812,1.7521
38813,1.7507
38814,1.7422
38817,1.7398
38818,1.7462
38819,1.7506
38820,1.7517
38821,1.751
38824,1.7709
38825,1.7772
38826,1.7918
38827,1.7794
38828,1.7822
38831,1.7885
38832,1.7865
38833,1.7889
38834,1.8035
38835,1.8259
38838,1.8282
38839,1.838
38840,1.8431
38841,1.8479
38842,1.8595
38845,1.8575
38846,1.8643
38847,1.8638
38848,1.8849
38849,1.8946
38852,1.8789
38853,1.8819
38854,1.8845
38855,1.8915
38856,1.8798
38859,1.8839
38860,1.8819
38861,1.8678
38862,1.8695
38863,1.8593
38866,1.8585
38867,1.8832
38868,1.8727
38869,1.8674
38870,1.8819
38873,1.8801
38874,1.8615
38875,1.858
38876,1.843
38877,1.8405
38880,1.8441
38881,1.8387
38882,1.8476
38883,1.8483
38884,1.8508
38887,1.8386
38888,1.8434
38889,1.8451
38890,1.8278
38891,1.8173
38894,1.8209
38895,1.8233
38896,1.8171
38897,1.8107
38898,1.8483
38901,1.8402
38902,1.8462
38903,1.8345
38904,1.8367
38905,1.8506
38908,1.8419
38909,1.8416
38910,1.834
38911,1.8408
38912,1.8386
38915,1.8197
38916,1.8251
38917,1.8426
38918,1.8484
38919,1.8584
38922,1.8498
38923,1.8407
38924,1.8502
38925,1.8622
38926,1.8636
38929,1.8682
38930,1.8753
38931,1.8771
38932,1.8873
38933,1.908
38936,1.9084
38937,1.9065
38938,1.9086
38939,1.8895
38940,1.8898
38943,1.8902
38944,1.8942
38945,1.8987
38946,1.8896
38947,1.8813
38950,1.8947
38951,1.8886
38952,1.8918
38953,1.8895
38954,1.8871
38957,1.8965
38958,1.891
38959,1.9025
38960,1.9022
38961,1.9052
38964,1.906
38965,1.893
38966,1.8807
38967,1.8767
38968,1.8652
38971,1.8637
38972,1.8736
38973,1.8766
38974,1.8885
38975,1.8815
38978,1.8796
38979,1.8805
38980,1.8886
38981,1.901
38982,1.9002
38985,1.9016
38986,1.8956
38987,1.8884
38988,1.8754
38989,1.8721
38992,1.8868
38993,1.8876
38994,1.8833
38995,1.8785
38996,1.8703
38999,1.8661
39000,1.8549
39001,1.8569
39002,1.8567
39003,1.8557
39006,1.8604
39007,1.8723
39008,1.868
39009,1.8781
39010,1.8834
39013,1.8719
39014,1.8747
39015,1.877
39016,1.8918
39017,1.8989
39020,1.902
39021,1.9082
39022,1.9095
39023,1.9076
39024,1.9012
39027,1.8971
39028,1.9091
39029,1.9055
39030,1.9072
39031,1.9107
39034,1.9006
39035,1.8959
39036,1.8894
39037,1.8879
39038,1.8945
39041,1.8972
39042,1.898
39043,1.9139
39044,1.9165
39045,1.9323
39048,1.9364
39049,1.9471
39050,1.9487
39051,1.9677
39052,1.9813
39055,1.9789
39056,1.9736
39057,1.9685
39058,1.9633
39059,1.9549
39062,1.9584
39063,1.965
39064,1.9645
39065,1.9611
39066,1.9524
39069,1.9452
39070,1.9666
39071,1.9627
39072,1.96
39073,1.9581
39076,1.974
39077,1.9525
39078,1.9557
39079,1.9637
39080,1.9588
39083,1.959
39084,1.9737
39085,1.9502
39086,1.9443
39087,1.9292
39090,1.9378
39091,1.9398
39092,1.9331
39093,1.9447
39094,1.9592
39097,1.9639
39098,1.9616
39099,1.9715
39100,1.9719
39101,1.9738
39104,1.9758
39105,1.9842
39106,1.9674
39107,1.9712
39108,1.9594
39111,1.959
39112,1.962
39113,1.9623
39114,1.9668
39115,1.9661
39118,1.9601
39119,1.9693
39120,1.97
39121,1.9579
39122,1.9492
39125,1.9467
39126,1.9454
39127,1.9617
39128,1.9528
39129,1.9497
39132,1.9533
39133,1.9553
39134,1.9529
39135,1.9583
39136,1.9634
39139,1.9616
39140,1.9654
39141,1.9616
39142,1.957
39143,1.9436
39146,1.9229
39147,1.9271
39148,1.9313
39149,1.9285
39150,1.9321
39153,1.9322
39154,1.9318
39155,1.934
39156,1.9359
39157,1.9424
39160,1.9433
39161,1.9623
39162,1.9588
39163,1.9634
39164,1.9614
39167,1.9697
39168,1.9657
39169,1.9628
39170,1.9623
39171,1.9679
39174,1.9788
39175,1.9758
39176,1.9762
39177,1.9711
39178,1.9655
39181,1.9597
39182,1.9724
39183,1.9768
39184,1.9769
39185,1.9864
39188,1.9901
39189,2.0047
39190,2.0052
39191,2.0025
39192,2.0023
39195,2.0017
39196,2.001
39197,2.0028
39198,1.9906
39199,1.9978
39202,2.0012
39203,1.9986
39204,1.991
39205,1.9882
39206,1.9923
39209,1.9946
39210,1.9897
39211,1.997
39212,1.9785
39213,1.9814
39216,1.9797
39217,1.9861
39218,1.9774
39219,1.9749
39220,1.9747
39223,1.9699
39224,1.975
39225,1.9869
39226,1.9851
39227,1.9836
39230,1.9835
39231,1.9816
39232,1.9745
39233,1.9793
39234,1.9824
39237,1.9918
39238,1.9942
39239,1.9929
39240,1.9749
39241,1.9701
39244,1.9692
39245,1.9749
39246,1.9731
39247,1.9694
39248,1.9762
39251,1.9831
39252,1.9889
39253,1.9941
39254,1.9926
39255,1.9994
39258,1.9969
39259,1.9997
39260,1.9978
39261,2.0013
39262,2.0088
39265,2.0166
39266,2.0181
39267,2.0162
39268,2.0124
39269,2.0108
39272,2.0163
39273,2.0232
39274,2.0328
39275,2.0307
39276,2.0343
39279,2.0366
39280,2.0464
39281,2.0533
39282,2.0511
39283,2.0562
39286,2.0585
39287,2.0621
39288,2.0517
39289,2.0535
39290,2.0243
39293,2.0244
39294,2.0361
39295,2.0306
39296,2.0353
39297,2.041
39300,2.0297
39301,2.0226
39302,2.0362
39303,2.0259
39304,2.0233
39307,2.0115
39308,2.0002
39309,1.9917
39310,1.9777
39311,1.9812
39314,1.983
39315,1.9819
39316,1.9907
39317,2.0036
39318,2.0143
39321,2.0129
39322,2.0071
39323,2.0163
39324,2.0164
39325,2.0171
39328,2.0189
39329,2.014
39330,2.0224
39331,2.0223
39332,2.0288
39335,2.0279
39336,2.0303
39337,2.031
39338,2.0311
39339,2.0075
39342,1.9956
39343,1.9987
39344,2.0008
39345,2.0091
39346,2.0203
39349,2.0217
39350,2.0185
39351,2.0152
39352,2.0245
39353,2.0473
39356,2.0432
39357,2.0408
39358,2.0348
39359,2.0398
39360,2.0422
39363,2.0359
39364,2.0332
39365,2.0427
39366,2.0336
39367,2.0361
39370,2.0419
39371,2.0323
39372,2.0374
39373,2.0452
39374,2.0518
39377,2.0276
39378,2.0495
39379,2.0473
39380,2.0504
39381,2.0523
39384,2.0619
39385,2.0675
39386,2.079
39387,2.0817
39388,2.0894
39391,2.0805
39392,2.0852
39393,2.1045
39394,2.1102
39395,2.0904
39398,2.064
39399,2.0729
39400,2.0578
39401,2.0448
39402,2.0548
39405,2.0482
39406,2.0636
39407,2.063
39408,2.0596
39409,2.0628
39412,2.0685
39413,2.065
39414,2.0709
39415,2.0628
39416,2.0564
39419,2.0643
39420,2.0575
39421,2.0266
39422,2.0301
39423,2.0304
39426,2.0434
39427,2.0386
39428,2.0456
39429,2.0398
39430,2.0173
39433,2.0212
39434,2.0135
39435,1.9972
39436,1.9834
39437,1.9835
39440,1.9765
39441,1.9779
39442,1.9835
39443,1.995
39444,1.9965
39447,1.9827
39448,1.9869
39449,1.9801
39450,1.975
39451,1.974
39454,1.9711
39455,1.9732
39456,1.9561
39457,1.9587
39458,1.9566
39461,1.9577
39462,1.9665
39463,1.9597
39464,1.9727
39465,1.9554
39468,1.944
39469,1.9612
39470,1.9511
39471,1.9711
39472,1.9832
39475,1.9839
39476,1.9858
39477,1.9865
39478,1.9888
39479,1.9651
39482,1.9759
39483,1.9621
39484,1.962
39485,1.9424
39486,1.9459
39489,1.9484
39490,1.9612
39491,1.9626
39492,1.9693
39493,1.9612
39496,1.9489
39497,1.9504
39498,1.9427
39499,1.9628
39500,1.9669
39503,1.9686
39504,1.981
39505,1.9888
39506,1.9919
39507,1.9892
39510,1.9836
39511,1.9842
39512,1.9957
39513,2.0081
39514,2.0134
39517,2.0125
39518,2.0067
39519,2.0225
39520,2.0296
39521,2.0202
39524,2.0017
39525,2.0253
39526,1.9883
39527,1.9848
39528,1.9818
39531,1.9854
39532,2.0012
39533,2.0057
39534,2.0066
39535,1.9944
39538,1.9866
39539,1.9769
39540,1.9839
39541,1.9937
39542,1.9933
39545,1.9852
39546,1.9677
39547,1.9771
39548,1.9746
39549,1.9692
39552,1.9811
39553,1.9628
39554,1.9741
39555,1.9901
39556,1.9979
39559,1.9805
39560,1.9958
39561,1.9792
39562,1.9707
39563,1.9859
39566,1.9903
39567,1.9721
39568,1.9833
39569,1.9731
39570,1.9717
39573,1.9681
39574,1.9728
39575,1.953
39576,1.9563
39577,1.9539
39580,1.9608
39581,1.9475
39582,1.9452
39583,1.9442
39584,1.9572
39587,1.948
39588,1.9707
39589,1.9657
39590,1.9803
39591,1.9798
39594,1.9823
39595,1.9754
39596,1.9809
39597,1.9745
39598,1.9823
39601,1.9659
39602,1.9641
39603,1.9549
39604,1.9559
39605,1.9708
39608,1.9728
39609,1.9538
39610,1.9652
39611,1.9441
39612,1.9477
39615,1.9636
39616,1.9569
39617,1.9581
39618,1.9731
39619,1.9761
39622,1.9632
39623,1.9707
39624,1.9679
39625,1.9873
39626,1.9951
39629,1.9908
39630,1.9951
39631,1.9927
39632,1.982
39633,1.9823
39636,1.9755
39637,1.9683
39638,1.981
39639,1.9774
39640,1.9888
39643,1.9948
39644,2.003
39645,1.9978
39646,2.0022
39647,1.9989
39650,1.9974
39651,1.9912
39652,2.0001
39653,1.9824
39654,1.9916
39657,1.9956
39658,1.9802
39659,1.9803
39660,1.9816
39661,1.9751
39664,1.9623
39665,1.9526
39666,1.9495
39667,1.9446
39668,1.9212
39671,1.9127
39672,1.8991
39673,1.8711
39674,1.8681
39675,1.8662
39678,1.868
39679,1.8665
39680,1.8585
39681,1.8744
39682,1.8527
39685,1.8548
39686,1.8368
39687,1.8306
39688,1.8273
39689,1.8211
39692,1.8008
39693,1.7834
39694,1.7747
39695,1.7732
39696,1.7661
39699,1.7543
39700,1.7682
39701,1.7596
39702,1.7508
39703,1.7942
39706,1.7889
39707,1.7864
39708,1.7988
39709,1.8244
39710,1.8318
39713,1.8486
39714,1.8536
39715,1.8516
39716,1.8314
39717,1.8445
39720,1.8032
39721,1.7801
39722,1.7758
39723,1.7657
39724,1.7714
39727,1.7413
39728,1.7504
39729,1.7285
39730,1.718
39731,1.7043
39734,1.7305
39735,1.7456
39736,1.7369
39737,1.7202
39738,1.7281
39741,1.7117
39742,1.6865
39743,1.6302
39744,1.6078
39745,1.5897
39748,1.5666
39749,1.5587
39750,1.6426
39751,1.6377
39752,1.6076
39755,1.5821
39756,1.5997
39757,1.6034
39758,1.5803
39759,1.5643
39762,1.5626
39763,1.5415
39764,1.5067
39765,1.467
39766,1.474
39769,1.502
39770,1.4987
39771,1.5058
39772,1.4813
39773,1.4925
39776,1.5165
39777,1.534
39778,1.5294
39779,1.5405
39780,1.5377
39783,1.4848
39784,1.4912
39785,1.4755
39786,1.4752
39787,1.4685
39790,1.4809
39791,1.4811
39792,1.4833
39793,1.5063
39794,1.4944
39797,1.5292
39798,1.5293
39799,1.5469
39800,1.4954
39801,1.492
39804,1.4821
39805,1.4705
39806,1.4691
39807,1.4652
39808,1.458
39811,1.4552
39812,1.441
39813,1.4576
39814,1.4615
39815,1.4548
39818,1.4627
39819,1.4937
39820,1.5191
39821,1.5203
39822,1.5164
39825,1.4877
39826,1.4537
39827,1.4572
39828,1.4585
39829,1.4733
39832,1.4493
39833,1.3999
39834,1.3737
39835,1.387
39836,1.3804
39839,1.3928
39840,1.4173
39841,1.4331
39842,1.4278
39843,1.454
39846,1.4257
39847,1.4331
39848,1.4497
39849,1.4646
39850,1.4787
39853,1.4947
39854,1.4618
39855,1.434
39856,1.4232
39857,1.4355
39860,1.4251
39861,1.4226
39862,1.4218
39863,1.4327
39864,1.4433
39867,1.4515
39868,1.44
39869,1.4219
39870,1.4314
39871,1.4318
39874,1.4026
39875,1.4052
39876,1.4131
39877,1.4106
39878,1.4094
39881,1.3818
39882,1.377
39883,1.3808
39884,1.3896
39885,1.4002
39888,1.4084
39889,1.4033
39890,1.3971
39891,1.4526
39892,1.4465
39895,1.4521
39896,1.4719
39897,1.4525
39898,1.4444
39899,1.432
39902,1.4205
39903,1.43
39904,1.4391
39905,1.4724
39906,1.4836
39909,1.4715
39910,1.4738
39911,1.4708
39912,1.463
39913,1.4673
39916,1.4832
39917,1.491
39918,1.5013
39919,1.492
39920,1.4797
39923,1.4548
39924,1.4694
39925,1.4481
39926,1.4634
39927,1.4678
39930,1.4678
39931,1.4618
39932,1.4792
39933,1.4774
39934,1.4921
39937,1.4971
39938,1.5114
39939,1.5076
39940,1.5005
39941,1.5234
39944,1.5137
39945,1.523
39946,1.5157
39947,1.5196
39948,1.518
39951,1.5327
39952,1.5468
39953,1.5676
39954,1.5875
39955,1.5934
39958,1.5908
39959,1.5938
39960,1.6058
39961,1.5888
39962,1.619
39965,1.645
39966,1.6568
39967,1.6286
39968,1.6115
39969,1.5981
39972,1.6028
39973,1.6281
39974,1.6329
39975,1.6551
39976,1.6444
39979,1.6277
39980,1.6408
39981,1.6314
39982,1.6387
39983,1.6494
39986,1.636
39987,1.6451
39988,1.6448
39989,1.6351
39990,1.6525
39993,1.6547
39994,1.6464
39995,1.6503
39996,1.6401
39997,1.6333
40000,1.6218
40001,1.6145
40002,1.5998
40003,1.6345
40004,1.6211
40007,1.6168
40008,1.6285
40009,1.6412
40010,1.6414
40011,1.6336
40014,1.6528
40015,1.64
40016,1.6471
40017,1.6553
40018,1.6426
40021,1.6494
40022,1.6414
40023,1.6397
40024,1.6486
40025,1.6713
40028,1.6952
40029,1.6952
40030,1.7017
40031,1.6774
40032,1.6684
40035,1.6467
40036,1.6492
40037,1.652
40038,1.6569
40039,1.6543
40042,1.6336
40043,1.6554
40044,1.6555
40045,1.6499
40046,1.6508
40049,1.6425
40050,1.6349
40051,1.6234
40052,1.6207
40053,1.627
40056,1.6284
40057,1.6166
40058,1.6281
40059,1.6328
40060,1.6392
40063,1.6331
40064,1.652
40065,1.6563
40066,1.6652
40067,1.6657
40070,1.6581
40071,1.6469
40072,1.6478
40073,1.646
40074,1.6271
40077,1.6205
40078,1.6352
40079,1.6411
40080,1.6061
40081,1.5951
40084,1.5863
40085,1.5957
40086,1.6016
40087,1.596
40088,1.5946
40091,1.5942
40092,1.592
40093,1.5904
40094,1.61
40095,1.5844
40098,1.5791
40099,1.5889
40100,1.5966
40101,1.6251
40102,1.6356
40105,1.6407
40106,1.6341
40107,1.6597
40108,1.6609
40109,1.6306
40112,1.6334
40113,1.6334
40114,1.6426
40115,1.6552
40116,1.6453
40119,1.6364
40120,1.6398
40121,1.6567
40122,1.6576
40123,1.6612
40126,1.6718
40127,1.671
40128,1.6558
40129,1.6554
40130,1.6676
40133,1.6807
40134,1.6792
40135,1.6722
40136,1.6645
40137,1.6503
40140,1.66
40141,1.6573
40142,1.6668
40143,1.6502
40144,1.6501
40147,1.6397
40148,1.6622
40149,1.6651
40150,1.657
40151,1.6474
40154,1.6469
40155,1.6296
40156,1.6212
40157,1.6243
40158,1.6262
40161,1.6304
40162,1.6239
40163,1.6326
40164,1.6158
40165,1.6161
40168,1.6076
40169,1.5983
40170,1.5973
40171,1.5949
40172,1.5966
40175,1.6003
40176,1.592
40177,1.6062
40178,1.6147
40179,1.6151
40182,1.6126
40183,1.6004
40184,1.5996
40185,1.5942
40186,1.6023
40189,1.6117
40190,1.617
40191,1.6275
40192,1.6321
40193,1.6264
40196,1.633
40197,1.6377
40198,1.6278
40199,1.6211
40200,1.6113
40203,1.6231
40204,1.6154
40205,1.6181
40206,1.6136
40207,1.5986
40210,1.5948
40211,1.5973
40212,1.5915
40213,1.5785
40214,1.5641
40217,1.5647
40218,1.5702
40219,1.5612
40220,1.5679
40221,1.5701
40224,1.5658
40225,1.5774
40226,1.5695
40227,1.5602
40228,1.5473
40231,1.5473
40232,1.5425
40233,1.5414
40234,1.5238
40235,1.5238
40238,1.5009
40239,1.4977
40240,1.5122
40241,1.504
40242,1.5137
40245,1.5084
40246,1.5
40247,1.4962
40248,1.5036
40249,1.5204
40252,1.505
40253,1.518
40254,1.5358
40255,1.5267
40256,1.5013
40259,1.5085
40260,1.5034
40261,1.4895
40262,1.4821
40263,1.4898
40266,1.4964
40267,1.5069
40268,1.5191
40269,1.5274
40270,1.5209
40273,1.5287
40274,1.5232
40275,1.5247
40276,1.5253
40277,1.537
40280,1.5364
40281,1.5368
40282,1.5478
40283,1.5492
40284,1.5363
40287,1.5309
40288,1.5355
40289,1.5411
40290,1.5354
40291,1.5377
40294,1.5445
40295,1.5288
40296,1.5189
40297,1.5325
40298,1.5274
40301,1.5251
40302,1.5171
40303,1.513
40304,1.4948
40305,1.4804
40308,1.4854
40309,1.4991
40310,1.488
40311,1.4679
40312,1.4536
40315,1.4424
40316,1.4434
40317,1.4402
40318,1.4324
40319,1.446
40322,1.4445
40323,1.4359
40324,1.4424
40325,1.4546
40326,1.4458
40329,1.4529
40330,1.4672
40331,1.466
40332,1.4601
40333,1.4454
40336,1.4483
40337,1.4428
40338,1.4569
40339,1.4656
40340,1.4552
40343,1.4743
40344,1.4815
40345,1.4827
40346,1.4799
40347,1.4824
40350,1.4799
40351,1.4845
40352,1.4896
40353,1.4954
40354,1.5063
40357,1.5091
40358,1.5086
40359,1.4963
40360,1.5101
40361,1.5195
40364,1.5127
40365,1.517
40366,1.5191
40367,1.5119
40368,1.5064
40371,1.5033
40372,1.5153
40373,1.5258
40374,1.5359
40375,1.5301
40378,1.5232
40379,1.5283
40380,1.5191
40381,1.5259
40382,1.5425
40385,1.5488
40386,1.5566
40387,1.5607
40388,1.56
40389,1.5689
40392,1.5885
40393,1.593
40394,1.588
40395,1.5864
40396,1.5942
40399,1.5927
40400,1.5793
40401,1.5657
40402,1.5578
40403,1.5592
40406,1.5683
40407,1.5578
40408,1.5616
40409,1.5611
40410,1.5534
40413,1.5519
40414,1.5462
40415,1.5461
40416,1.5533
40417,1.5529
40420,1.5472
40421,1.5339
40422,1.5451
40423,1.5394
40424,1.5452
40427,1.5415
40428,1.533
40429,1.5493
40430,1.5443
40431,1.5358
40434,1.5441
40435,1.5571
40436,1.5619
40437,1.5628
40438,1.5632
40441,1.5562
40442,1.5545
40443,1.5643
40444,1.5713
40445,1.5826
40448,1.5839
40449,1.5798
40450,1.5796
40451,1.5728
40452,1.5824
40455,1.5842
40456,1.5901
40457,1.591
40458,1.5877
40459,1.596
40462,1.5898
40463,1.5791
40464,1.5876
40465,1.5983
40466,1.5992
40469,1.593
40470,1.5732
40471,1.5861
40472,1.5718
40473,1.5682
40476,1.573
40477,1.5838
40478,1.5757
40479,1.5924
40480,1.6038
40483,1.6041
40484,1.6026
40485,1.6079
40486,1.6256
40487,1.6182
40490,1.6139
40491,1.6039
40492,1.6084
40493,1.6109
40494,1.6114
40497,1.6064
40498,1.5868
40499,1.5901
40500,1.603
40501,1.5979
40504,1.5903
40505,1.5811
40506,1.5787
40507,1.5772
40508,1.5592
40511,1.5556
40512,1.5582
40513,1.5594
40514,1.5595
40515,1.5778
40518,1.5699
40519,1.5767
40520,1.5772
40521,1.5763
40522,1.5802
40525,1.5884
40526,1.5803
40527,1.5565
40528,1.5615
40529,1.5533
40532,1.5509
40533,1.5469
40534,1.5371
40535,1.5413
40536,1.5444
40539,1.5392
40540,1.5381
40541,1.5485
40542,1.5394
40543,1.5612
40546,1.5498
40547,1.559
40548,1.5498
40549,1.5495
40550,1.5548
40553,1.5571
40554,1.5618
40555,1.5744
40556,1.5863
40557,1.587
40560,1.5888
40561,1.596
40562,1.5987
40563,1.5899
40564,1.6
40567,1.5992
40568,1.5816
40569,1.5875
40570,1.5912
40571,1.586
40574,1.6033
40575,1.6137
40576,1.6169
40577,1.6151
40578,1.6111
40581,1.6094
40582,1.61
40583,1.6097
40584,1.612
40585,1.6007
40588,1.603
40589,1.6141
40590,1.6065
40591,1.6164
40592,1.6253
40595,1.6215
40596,1.6129
40597,1.6196
40598,1.6127
40599,1.6118
40602,1.6249
40603,1.6275
40604,1.6326
40605,1.6261
40606,1.6269
40609,1.6194
40610,1.6156
40611,1.6197
40612,1.6061
40613,1.6082
40616,1.6174
40617,1.6097
40618,1.5995
40619,1.6129
40620,1.6234
40623,1.6305
40624,1.6381
40625,1.6245
40626,1.6126
40627,1.6042
40630,1.6016
40631,1.5986
40632,1.6054
40633,1.6065
40634,1.6111
40637,1.6116
40638,1.6282
40639,1.6316
40640,1.6317
40641,1.6383
40644,1.6371
40645,1.6274
40646,1.6269
40647,1.6348
40648,1.6328
40651,1.6248
40652,1.6316
40653,1.6397
40654,1.6546
40655,1.6509
40658,1.6493
40659,1.6477
40660,1.6549
40661,1.6638
40662,1.6707
40665,1.6686
40666,1.6529
40667,1.6518
40668,1.6423
40669,1.6367
40672,1.6341
40673,1.6329
40674,1.636
40675,1.6289
40676,1.6197
40679,1.6221
40680,1.6209
40681,1.6176
40682,1.619
40683,1.6229
40686,1.6108
40687,1.6178
40688,1.6273
40689,1.6376
40690,1.651
40693,1.6468
40694,1.6434
40695,1.6371
40696,1.636
40697,1.6426
40700,1.6357
40701,1.6433
40702,1.6405
40703,1.6376
40704,1.6227
40707,1.6294
40708,1.6385
40709,1.6194
40710,1.6132
40711,1.6194
40714,1.6186
40715,1.6226
40716,1.6132
40717,1.5977
40718,1.5959
40721,1.5964
40722,1.6004
40723,1.6056
40724,1.6068
40725,1.6074
40728,1.6092
40729,1.6072
40730,1.6
40731,1.597
40732,1.6059
40735,1.5921
40736,1.5934
40737,1.6105
40738,1.6131
40739,1.6136
40742,1.6032
40743,1.6134
40744,1.6153
40745,1.6297
40746,1.63
40749,1.6286
40750,1.6387
40751,1.6327
40752,1.6333
40753,1.6426
40756,1.629
40757,1.6283
40758,1.641
40759,1.6296
40760,1.6391
40763,1.6359
40764,1.621
40765,1.6152
40766,1.6215
40767,1.6278
40770,1.6387
40771,1.6439
40772,1.6557
40773,1.6468
40774,1.6465
40777,1.6478
40778,1.6502
40779,1.6386
40780,1.6287
40781,1.6368
40784,1.6388
40785,1.6287
40786,1.6275
40787,1.6185
40788,1.6217
40791,1.611
40792,1.5947
40793,1.5958
40794,1.6003
40795,1.5883
40798,1.5818
40799,1.5822
40800,1.5761
40801,1.5813
40802,1.5791
40805,1.5667
40806,1.5717
40807,1.5645
40808,1.5389
40809,1.5449
40812,1.5516
40813,1.5647
40814,1.5634
40815,1.5633
40816,1.5584
40819,1.5476
40820,1.5392
40821,1.5416
40822,1.5393
40823,1.5562
40826,1.5676
40827,1.5597
40828,1.5761
40829,1.5732
40830,1.582
40833,1.5779
40834,1.5705
40835,1.58
40836,1.5745
40837,1.5953
40840,1.5988
40841,1.6001
40842,1.5906
40843,1.6093
40844,1.613
40847,1.6128
40848,1.5983
40849,1.595
40850,1.6031
40851,1.6033
40854,1.6029
40855,1.6083
40856,1.5963
40857,1.5949
40858,1.6065
40861,1.5899
40862,1.5837
40863,1.5769
40864,1.5761
40865,1.5806
40868,1.5651
40869,1.5654
40870,1.5527
40871,1.5492
40872,1.5439
40875,1.5511
40876,1.5605
40877,1.5712
40878,1.5689
40879,1.5597
40882,1.5672
40883,1.5575
40884,1.5703
40885,1.5625
40886,1.5671
40889,1.5591
40890,1.5526
40891,1.5469
40892,1.5494
40893,1.5545
40896,1.5521
40897,1.5665
40898,1.5689
40899,1.5669
40900,1.5588
40903,1.5636
40904,1.5663
40905,1.548
40906,1.5399
40907,1.5543
40910,1.5505
40911,1.5648
40912,1.5631
40913,1.5495
40914,1.5426
40917,1.5425
40918,1.5481
40919,1.5331
40920,1.5339
40921,1.5318
40924,1.5324
40925,1.535
40926,1.5426
40927,1.5465
40928,1.5576
40931,1.5573
40932,1.5601
40933,1.5614
40934,1.5708
40935,1.5729
40938,1.5686
40939,1.5749
40940,1.5846
40941,1.581
40942,1.5815
40945,1.5821
40946,1.5898
40947,1.5829
40948,1.5834
40949,1.5755
40952,1.578
40953,1.5676
40954,1.5702
40955,1.5784
40956,1.5828
40959,1.5846
40960,1.5796
40961,1.5664
40962,1.5704
40963,1.5875
40966,1.5843
40967,1.5881
40968,1.5937
40969,1.5948
40970,1.5835
40973,1.5867
40974,1.5713
40975,1.5739
40976,1.582
40977,1.5674
40980,1.5635
40981,1.5722
40982,1.5665
40983,1.5725
40984,1.5844
40987,1.5903
40988,1.5863
40989,1.5852
40990,1.5815
40991,1.5869
40994,1.5943
40995,1.5965
40996,1.5866
40997,1.5921
40998,1.6008
41001,1.6018
41002,1.5968
41003,1.5879
41004,1.5826
41005,1.5871
41008,1.5914
41009,1.5853
41010,1.5911
41011,1.5958
41012,1.5847
41015,1.589
41016,1.5932
41017,1.602
41018,1.6054
41019,1.6123
41022,1.6119
41023,1.6132
41024,1.6148
41025,1.6185
41026,1.6265
41029,1.6234
41030,1.6219
41031,1.6196
41032,1.6183
41033,1.6151
41036,1.6192
41037,1.6156
41038,1.6131
41039,1.616
41040,1.6069
41043,1.6107
41044,1.602
41045,1.5944
41046,1.5827
41047,1.5817
41050,1.5803
41051,1.5783
41052,1.5689
41053,1.5668
41054,1.5667
41057,1.5678
41058,1.5629
41059,1.5524
41060,1.5417
41061,1.5363
41064,1.5368
41065,1.5356
41066,1.5478
41067,1.5547
41068,1.5474
41071,1.5494
41072,1.5563
41073,1.5553
41074,1.5527
41075,1.5715
41078,1.5654
41079,1.5731
41080,1.5711
41081,1.561
41082,1.5588
41085,1.557
41086,1.5631
41087,1.5569
41088,1.5497
41089,1.5707
41092,1.5682
41093,1.5696
41094,1.5604
41095,1.5531
41096,1.5495
41099,1.5512
41100,1.5508
41101,1.5531
41102,1.5422
41103,1.5576
41106,1.5625
41107,1.5617
41108,1.5651
41109,1.5721
41110,1.5623
41113,1.5522
41114,1.5503
41115,1.5482
41116,1.5677
41117,1.5748
41120,1.5692
41121,1.5669
41122,1.5606
41123,1.5506
41124,1.564
41127,1.5621
41128,1.5645
41129,1.5662
41130,1.5614
41131,1.569
41134,1.5696
41135,1.5688
41136,1.5684
41137,1.5737
41138,1.5697
41141,1.5703
41142,1.5788
41143,1.5793
41144,1.5873
41145,1.581
41148,1.5798
41149,1.5831
41150,1.5832
41151,1.5788
41152,1.5867
41155,1.5887
41156,1.5881
41157,1.591
41158,1.5933
41159,1.601
41162,1.6008
41163,1.607
41164,1.6107
41165,1.6114
41166,1.6217
41169,1.6258
41170,1.624
41171,1.6222
41172,1.6189
41173,1.623
41176,1.6205
41177,1.6222
41178,1.6159
41179,1.6223
41180,1.6167
41183,1.6138
41184,1.6164
41185,1.6085
41186,1.6183
41187,1.6136
41190,1.6032
41191,1.5998
41192,1.6003
41193,1.6044
41194,1.6072
41197,1.6068
41198,1.6117
41199,1.6153
41200,1.6136
41201,1.6004
41204,1.6012
41205,1.5941
41206,1.6021
41207,1.6125
41208,1.6106
41211,1.6029
41212,1.6076
41213,1.6134
41214,1.6124
41215,1.6021
41218,1.5965
41219,1.5989
41220,1.5979
41221,1.5976
41222,1.5896
41225,1.5875
41226,1.5879
41227,1.5857
41228,1.5859
41229,1.5883
41232,1.591
41233,1.5924
41234,1.5942
41235,1.5928
41236,1.6028
41239,1.6019
41240,1.6027
41241,1.6014
41242,1.6042
41243,1.6013
41246,1.6103
41247,1.61
41248,1.6105
41249,1.6042
41250,1.6039
41253,1.6071
41254,1.6112
41255,1.6166
41256,1.6104
41257,1.6174
41260,1.62
41261,1.6253
41262,1.6269
41263,1.6275
41264,1.6172
41267,1.6133
41268,1.6119
41269,1.6118
41270,1.6074
41271,1.6153
41274,1.6242
41275,1.6261
41276,1.6231
41277,1.6155
41278,1.6069
41281,1.6091
41282,1.6043
41283,1.6027
41284,1.616
41285,1.6132
41288,1.6074
41289,1.6073
41290,1.5994
41291,1.5992
41292,1.587
41295,1.5834
41296,1.5853
41297,1.584
41298,1.5783
41299,1.5799
41302,1.5692
41303,1.5755
41304,1.5796
41305,1.5874
41306,1.5693
41309,1.5738
41310,1.5644
41311,1.5652
41312,1.5698
41313,1.5801
41316,1.5676
41317,1.5668
41318,1.556
41319,1.5493
41320,1.5518
41323,1.5474
41324,1.5419
41325,1.5289
41326,1.5258
41327,1.5163
41330,1.5148
41331,1.5141
41332,1.5136
41333,1.5184
41334,1.5038
41337,1.5088
41338,1.5104
41339,1.5021
41340,1.5027
41341,1.4925
41344,1.4922
41345,1.4902
41346,1.4931
41347,1.5087
41348,1.5114
41351,1.509
41352,1.5104
41353,1.5125
41354,1.5172
41355,1.523
41358,1.5182
41359,1.5143
41360,1.5118
41361,1.5189
41362,1.5198
41365,1.5231
41366,1.5115
41367,1.515
41368,1.5197
41369,1.5336
41372,1.5261
41373,1.5323
41374,1.5314
41375,1.54
41376,1.5343
41379,1.531
41380,1.5351
41381,1.5245
41382,1.5299
41383,1.5231
41386,1.527
41387,1.5268
41388,1.5261
41389,1.5429
41390,1.5473
41393,1.5495
41394,1.554
41395,1.5575
41396,1.5529
41397,1.5574
41400,1.554
41401,1.5484
41402,1.556
41403,1.5502
41404,1.5358
41407,1.5291
41408,1.524
41409,1.5208
41410,1.5304
41411,1.5169
41414,1.524
41415,1.5172
41416,1.5057
41417,1.5117
41418,1.5127
41421,1.5104
41422,1.5051
41423,1.5112
41424,1.5206
41425,1.5198
41428,1.5335
41429,1.5295
41430,1.54
41431,1.5619
41432,1.5558
41435,1.5562
41436,1.5593
41437,1.5685
41438,1.569
41439,1.5707
41442,1.5694
41443,1.5638
41444,1.5655
41445,1.5483
41446,1.5419
41449,1.5414
41450,1.5426
41451,1.5326
41452,1.5249
41453,1.5213
41456,1.5218
41457,1.5168
41458,1.5274
41459,1.5079
41460,1.489
41463,1.4953
41464,1.4858
41465,1.4938
41466,1.5102
41467,1.5107
41470,1.5085
41471,1.5114
41472,1.5227
41473,1.5201
41474,1.5267
41477,1.5359
41478,1.5375
41479,1.5352
41480,1.5333
41481,1.5382
41484,1.5347
41485,1.5234
41486,1.5177
41487,1.5125
41488,1.5294
41491,1.5339
41492,1.5367
41493,1.5503
41494,1.5557
41495,1.5498
41498,1.5478
41499,1.5463
41500,1.5514
41501,1.5577
41502,1.5629
41505,1.5654
41506,1.5676
41507,1.5691
41508,1.559
41509,1.5569
41512,1.5569
41513,1.5538
41514,1.5522
41515,1.5496
41516,1.5504
41519,1.5533
41520,1.5549
41521,1.5629
41522,1.5596
41523,1.5633
41526,1.5705
41527,1.5731
41528,1.581
41529,1.5813
41530,1.5876
41533,1.5915
41534,1.591
41535,1.5968
41536,1.6033
41537,1.6006
41540,1.6062
41541,1.6007
41542,1.6079
41543,1.6016
41544,1.6139
41547,1.6183
41548,1.6201
41549,1.622
41550,1.6168
41551,1.601
41554,1.6096
41555,1.6078
41556,1.5944
41557,1.5962
41558,1.5957
41561,1.5994
41562,1.5973
41563,1.5922
41564,1.6161
41565,1.6167
41568,1.6149
41569,1.624
41570,1.6175
41571,1.6196
41572,1.6165
41575,1.6146
41576,1.6027
41577,1.6064
41578,1.6051
41579,1.5926
41582,1.5951
41583,1.6036
41584,1.6088
41585,1.6079
41586,1.6017
41589,1.5979
41590,1.5914
41591,1.6025
41592,1.6071
41593,1.6118
41596,1.6102
41597,1.6122
41598,1.6131
41599,1.616
41600,1.6226
41603,1.6149
41604,1.619
41605,1.6272
41606,1.6332
41607,1.6368
41610,1.6357
41611,1.6408
41612,1.6388
41613,1.633
41614,1.6349
41617,1.6406
41618,1.6435
41619,1.6393
41620,1.6336
41621,1.63
41624,1.6303
41625,1.6261
41626,1.6384
41627,1.6377
41628,1.6336
41631,1.636
41632,1.637
41633,1.6346
41634,1.6413
41635,1.6483
41638,1.6514
41639,1.6566
41640,1.6547
41641,1.6443
41642,1.6418
41645,1.6413
41646,1.6423
41647,1.6444
41648,1.6459
41649,1.6483
41652,1.6368
41653,1.645
41654,1.6357
41655,1.6343
41656,1.6424
41659,1.6423
41660,1.6475
41661,1.6576
41662,1.6616
41663,1.6482
41666,1.6583
41667,1.6568
41668,1.6567
41669,1.6482
41670,1.6439
41673,1.6311
41674,1.6323
41675,1.6321
41676,1.634
41677,1.6411
41680,1.6407
41681,1.6458
41682,1.6576
41683,1.6644
41684,1.6747
41687,1.6698
41688,1.6696
41689,1.6724
41690,1.6652
41691,1.6616
41694,1.6647
41695,1.6698
41696,1.6637
41697,1.6683
41698,1.6745
41701,1.6655
41702,1.6673
41703,1.6733
41704,1.6762
41705,1.6713
41708,1.6644
41709,1.6618
41710,1.6611
41711,1.6631
41712,1.6647
41715,1.6638
41716,1.6582
41717,1.6644
41718,1.6499
41719,1.6486
41722,1.6536
41723,1.6528
41724,1.6568
41725,1.6619
41726,1.6638
41729,1.6681
41730,1.6643
41731,1.6635
41732,1.659
41733,1.6575
41736,1.6607
41737,1.6738
41738,1.6746
41739,1.6782
41740,1.6733
41743,1.6735
41744,1.6726
41745,1.6799
41746,1.68
41747,1.6794
41750,1.6797
41751,1.683
41752,1.6779
41753,1.6793
41754,1.6803
41757,1.6803
41758,1.6823
41759,1.6873
41760,1.6895
41761,1.687
41764,1.6869
41765,1.6983
41766,1.6965
41767,1.6933
41768,1.6851
41771,1.687
41772,1.6836
41773,1.6776
41774,1.6788
41775,1.6811
41778,1.6815
41779,1.6841
41780,1.6872
41781,1.6856
41782,1.6832
41785,1.6843
41786,1.6785
41787,1.6708
41788,1.6717
41789,1.6755
41792,1.6739
41793,1.6756
41794,1.6742
41795,1.6801
41796,1.6802
41799,1.6793
41800,1.6756
41801,1.6802
41802,1.6813
41803,1.6968
41806,1.6986
41807,1.6965
41808,1.6949
41809,1.7047
41810,1.7013
41813,1.7018
41814,1.6973
41815,1.698
41816,1.702
41817,1.7035
41820,1.7102
41821,1.7165
41822,1.7161
41823,1.7148
41824,1.716
41827,1.713
41828,1.7129
41829,1.7127
41830,1.7118
41831,1.7116
41834,1.7074
41835,1.7142
41836,1.7134
41837,1.7106
41838,1.7088
41841,1.7068
41842,1.7055
41843,1.7035
41844,1.6982
41845,1.6975
41848,1.6988
41849,1.6939
41850,1.6899
41851,1.6885
41852,1.6821
41855,1.6849
41856,1.6874
41857,1.6848
41858,1.6833
41859,1.6773
41862,1.6783
41863,1.681
41864,1.6697
41865,1.6686
41866,1.6693
41869,1.6732
41870,1.6618
41871,1.6627
41872,1.6585
41873,1.6572
41876,1.6584
41877,1.6563
41878,1.6578
41879,1.6571
41880,1.6598
41883,1.6606
41884,1.6486
41885,1.6448
41886,1.6352
41887,1.6327
41890,1.6137
41891,1.6086
41892,1.6176
41893,1.623
41894,1.6268
41897,1.6222
41898,1.6277
41899,1.6315
41900,1.6384
41901,1.6288
41904,1.6347
41905,1.6359
41906,1.6337
41907,1.6303
41908,1.625
41911,1.6264
41912,1.6219
41913,1.6188
41914,1.6147
41915,1.5973
41918,1.6023
41919,1.6082
41920,1.6069
41921,1.6119
41922,1.6076
41925,1.606
41926,1.5922
41927,1.5939
41928,1.607
41929,1.6093
41932,1.6145
41933,1.6134
41934,1.6073
41935,1.6035
41936,1.609
41939,1.6123
41940,1.6139
41941,1.6094
41942,1.5996
41943,1.5995
41946,1.5986
41947,1.5993
41948,1.598
41949,1.584
41950,1.5869
41953,1.5858
41954,1.5885
41955,1.5795
41956,1.5708
41957,1.5669
41960,1.5638
41961,1.5648
41962,1.5684
41963,1.5687
41964,1.5656
41967,1.5696
41968,1.5707
41969,1.5784
41970,1.5723
41971,1.5645
41974,1.5751
41975,1.564
41976,1.5702
41977,1.5674
41978,1.558
41981,1.5639
41982,1.5684
41983,1.5709
41984,1.5706
41985,1.5716
41988,1.5642
41989,1.5754
41990,1.5654
41991,1.5661
41992,1.5626
41995,1.5605
41996,1.5515
41997,1.5551
41998,1.5554
41999,1.5558
42002,1.5522
42003,1.5558
42004,1.5581
42005,1.558
42006,1.5328
42009,1.5226
42010,1.5172
42011,1.5088
42012,1.5115
42013,1.516
42016,1.5164
42017,1.5162
42018,1.5221
42019,1.5153
42020,1.515
42023,1.5133
42024,1.5152
42025,1.5109
42026,1.5023
42027,1.4989
42030,1.5092
42031,1.5199
42032,1.5177
42033,1.5048
42034,1.506
42037,1.5027
42038,1.516
42039,1.5202
42040,1.5299
42041,1.5243
42044,1.5216
42045,1.5258
42046,1.5233
42047,1.537
42048,1.5395
42051,1.5353
42052,1.5363
42053,1.5422
42054,1.5432
42055,1.5399
42058,1.5453
42059,1.546
42060,1.5509
42061,1.5408
42062,1.5438
42065,1.5359
42066,1.5382
42067,1.5263
42068,1.5228
42069,1.5037
42072,1.512
42073,1.5097
42074,1.4913
42075,1.4859
42076,1.4744
42079,1.4838
42080,1.4754
42081,1.4727
42082,1.4722
42083,1.4949
42086,1.4941
42087,1.4865
42088,1.4882
42089,1.482
42090,1.4879
42093,1.4814
42094,1.4843
42095,1.4829
42096,1.4845
42097,1.492
42100,1.4944
42101,1.4853
42102,1.4917
42103,1.4734
42104,1.4632
42107,1.4668
42108,1.4782
42109,1.4797
42110,1.4921
42111,1.4962
42114,1.4907
42115,1.496
42116,1.5027
42117,1.5054
42118,1.5188
42121,1.5245
42122,1.5316
42123,1.5457
42124,1.5334
42125,1.5148
42128,1.5123
42129,1.5203
42130,1.5232
42131,1.5212
42132,1.5455
42135,1.5582
42136,1.5704
42137,1.5744
42138,1.5758
42139,1.5727
42142,1.5673
42143,1.5504
42144,1.5549
42145,1.5674
42146,1.549
42149,1.5468
42150,1.5395
42151,1.5324
42152,1.5302
42153,1.5291
42156,1.5187
42157,1.5359
42158,1.5329
42159,1.5382
42160,1.527
42163,1.5307
42164,1.537
42165,1.5507
42166,1.5494
42167,1.5561
42170,1.5582
42171,1.5635
42172,1.5721
42173,1.5868
42174,1.5883
42177,1.583
42178,1.572
42179,1.5683
42180,1.5737
42181,1.5746
42184,1.574
42185,1.5725
42186,1.5617
42187,1.5609
42188,1.557
42191,1.5621
42192,1.5426
42193,1.5335
42194,1.5353
42195,1.5517
42198,1.551
42199,1.5585
42200,1.5628
42201,1.5608
42202,1.56
42205,1.5581
42206,1.5568
42207,1.5594
42208,1.5513
42209,1.5508
42212,1.5569
42213,1.5599
42214,1.5622
42215,1.5584
42216,1.5622
42219,1.559
42220,1.563
42221,1.5605
42222,1.5532
42223,1.5491
42226,1.5594
42227,1.5571
42228,1.5647
42229,1.5606
42230,1.5642
42233,1.5588
42234,1.5654
42235,1.5646
42236,1.568
42237,1.5694
42240,1.5741
42241,1.5696
42242,1.5487
42243,1.5407
42244,1.5391
42247,1.5346
42248,1.532
42249,1.531
42250,1.5255
42251,1.517
42254,1.5284
42255,1.5373
42256,1.5364
42257,1.5439
42258,1.5429
42261,1.5427
42262,1.5355
42263,1.5483
42264,1.5519
42265,1.5536
42268,1.5505
42269,1.5373
42270,1.5262
42271,1.5249
42272,1.518
42275,1.5199
42276,1.5161
42277,1.5132
42278,1.5149
42279,1.5185
42282,1.5155
42283,1.5226
42284,1.5318
42285,1.5324
42286,1.5322
42289,1.5359
42290,1.5247
42291,1.5455
42292,1.5496
42293,1.5438
42296,1.5473
42297,1.5459
42298,1.5441
42299,1.5386
42300,1.5314
42303,1.5365
42304,1.5304
42305,1.5322
42306,1.5302
42307,1.5428
42310,1.5422
42311,1.5417
42312,1.537
42313,1.5211
42314,1.5053
42317,1.5113
42318,1.5109
42319,1.5197
42320,1.521
42321,1.5237
42324,1.5213
42325,1.5216
42326,1.5214
42327,1.5297
42328,1.5191
42331,1.5128
42332,1.5071
42333,1.5113
42334,1.5109
42335,1.5036
42338,1.5035
42339,1.5074
42340,1.4932
42341,1.5101
42342,1.5112
42345,1.5061
42346,1.5009
42347,1.5168
42348,1.5169
42349,1.5213
42352,1.5143
42353,1.5056
42354,1.501
42355,1.4893
42356,1.4895
42359,1.4884
42360,1.482
42361,1.4879
42362,1.4927
42363,1.4913
42366,1.4878
42367,1.4807
42368,1.4826
42369,1.4734
42370,1.4746
42373,1.4697
42374,1.4662
42375,1.4621
42376,1.4587
42377,1.4517
42380,1.4561
42381,1.4427
42382,1.4459
42383,1.4414
42384,1.4258
42387,1.4262
42388,1.4185
42389,1.4183
42390,1.4207
42391,1.4265
42394,1.4244
42395,1.4351
42396,1.4269
42397,1.437
42398,1.4244
42401,1.4386
42402,1.441
42403,1.4579
42404,1.4587
42405,1.4503
42408,1.4415
42409,1.4484
42410,1.4482
42411,1.4456
42412,1.4503
42415,1.4441
42416,1.4303
42417,1.4312
42418,1.4339
42419,1.4406
42422,1.4165
42423,1.4028
42424,1.3926
42425,1.3951
42426,1.3871
42429,1.3913
42430,1.3955
42431,1.4065
42432,1.4144
42433,1.4229
42436,1.4275
42437,1.4227
42438,1.4225
42439,1.4286
42440,1.4382
42443,1.431
42444,1.4156
42445,1.4118
42446,1.4474
42447,1.4476
42450,1.4397
42451,1.4218
42452,1.4112
42453,1.4181
42454,1.4132
42457,1.4236
42458,1.4366
42459,1.4392
42460,1.4394
42461,1.4227
42464,1.4272
42465,1.4164
42466,1.4128
42467,1.4068
42468,1.4128
42471,1.4243
42472,1.4244
42473,1.4224
42474,1.4157
42475,1.4202
42478,1.4277
42479,1.4385
42480,1.4382
42481,1.433
42482,1.4403
42485,1.4488
42486,1.4584
42487,1.4556
42488,1.4597
42489,1.4612
42492,1.4677
42493,1.4564
42494,1.4491
42495,1.4487
42496,1.4427
42499,1.4399
42500,1.4434
42501,1.4467
42502,1.4464
42503,1.4365
42506,1.4406
42507,1.4472
42508,1.4609
42509,1.4618
42510,1.4502
42513,1.4484
42514,1.4626
42515,1.4687
42516,1.4654
42517,1.4623
42520,1.4635
42521,1.4515
42522,1.4422
42523,1.4437
42524,1.4518
42527,1.4461
42528,1.4549
42529,1.4534
42530,1.4464
42531,1.4257
42534,1.423
42535,1.4148
42536,1.4168
42537,1.4177
42538,1.4358
42541,1.4678
42542,1.4662
42543,1.4706
42544,1.481
42545,1.3679
42548,1.3214
42549,1.3329
42550,1.3472
42551,1.3268
42552,1.3267
42555,1.3294
42556,1.3053
42557,1.2945
42558,1.2903
42559,1.2954
42562,1.2968
42563,1.328
42564,1.3192
42565,1.3321
42566,1.3192
42569,1.3257
42570,1.3119
42571,1.3187
42572,1.321
42573,1.3109
42576,1.3137
42577,1.314
42578,1.3132
42579,1.3143
42580,1.323
42583,1.3204
42584,1.3337
42585,1.3328
42586,1.3118
42587,1.3073
42590,1.3039
42591,1.3009
42592,1.3005
42593,1.2971
42594,1.292
42597,1.2875
42598,1.3036
42599,1.3013
42600,1.3138
42601,1.3075
42604,1.3131
42605,1.3187
42606,1.3237
42607,1.3187
42608,1.3137
42611,1.3081
42612,1.3085
42613,1.314
42614,1.3275
42615,1.3294
42618,1.3313
42619,1.3422
42620,1.332
42621,1.3294
42622,1.3267
42625,1.3321
42626,1.3199
42627,1.3192
42628,1.3216
42629,1.3002
42632,1.3048
42633,1.298
42634,1.2977
42635,1.3084
42636,1.2966
42639,1.2977
42640,1.3021
42641,1.3009
42642,1.2977
42643,1.2972
42646,1.2854
42647,1.2735
42648,1.2754
42649,1.2646
42650,1.2434
42653,1.2381
42654,1.2158
42655,1.2221
42656,1.2249
42657,1.2191
42660,1.2198
42661,1.2293
42662,1.2276
42663,1.2274
42667,1.2211
42668,1.2197
42669,1.2226
42670,1.2169
42671,1.2185
42674,1.2228
42675,1.2238
42676,1.2298
42677,1.2447
42678,1.2517
42681,1.2403
42682,1.2392
42683,1.2418
42684,1.2543
42685,1.2596
42688,1.2497
42689,1.244
42690,1.2447
42691,1.2433
42692,1.2342
42695,1.2478
42696,1.2419
42697,1.2463
42698,1.246
42699,1.2477
42702,1.2413
42703,1.2493
42704,1.2498
42705,1.2582
42706,1.2729
42709,1.272
42710,1.2669
42711,1.2603
42712,1.257
42713,1.2572
42716,1.2695
42717,1.2681
42718,1.2698
42719,1.2441
42720,1.2496
42723,1.2419
42724,1.2358
42725,1.2353
42726,1.2301
42727,1.2282
42730,1.2284
42731,1.2266
42732,1.2227
42733,1.2226
42734,1.234
42737,1.2285
42738,1.226
42739,1.2317
42740,1.2418
42741,1.2287
42744,1.2169
42745,1.2159
42746,1.2159
42747,1.2187
42748,1.2182
42751,1.2068
42752,1.2383
42753,1.231
42754,1.2302
42755,1.2375
42758,1.2477
42759,1.2527
42760,1.2607
42761,1.2591
42762,1.2555
42765,1.2479
42766,1.257
42767,1.2636
42768,1.2558
42769,1.2484
42772,1.2471
42773,1.2497
42774,1.2537
42775,1.2513
42776,1.2491
42779,1.2504
42780,1.247
42781,1.2449
42782,1.2472
42783,1.2412
42786,1.2456
42787,1.2461
42788,1.2436
42789,1.2545
42790,1.2462
42793,1.246
42794,1.2416
42795,1.2319
42796,1.2265
42797,1.2291
42800,1.223
42801,1.2207
42802,1.2153
42803,1.217
42804,1.2167
42807,1.2235
42808,1.2165
42809,1.2198
42810,1.2352
42811,1.2396
42814,1.2345
42815,1.2478
42816,1.248
42817,1.2515
42818,1.2473
42821,1.2564
42822,1.2481
42823,1.241
42824,1.2475
42825,1.255
42828,1.2476
42829,1.2432
42830,1.2469
42831,1.2477
42832,1.2371
42835,1.242
42836,1.2483
42837,1.2491
42838,1.2516
42839,1.2523
42842,1.2586
42843,1.2766
42844,1.2785
42845,1.282
42846,1.2817
42849,1.2782
42850,1.284
42851,1.2831
42852,1.2901
42853,1.2951
42856,1.2916
42857,1.2922
42858,1.2914
42859,1.2921
42860,1.2982
42863,1.2937
42864,1.2946
42865,1.2941
42866,1.2876
42867,1.289
42870,1.2908
42871,1.2916
42872,1.294
42873,1.2994
42874,1.3036
42877,1.3013
42878,1.298
42879,1.2932
42880,1.2959
42881,1.2804
42884,1.2836
42885,1.2844
42886,1.289
42887,1.2885
42888,1.2888
42891,1.2924
42892,1.2884
42893,1.2927
42894,1.2938
42895,1.2746
42898,1.2651
42899,1.2744
42900,1.2795
42901,1.2758
42902,1.2783
42905,1.2744
42906,1.2625
42907,1.2659
42908,1.2667
42909,1.2718
42912,1.2723
42913,1.2782
42914,1.2931
42915,1.2989
42916,1.3025
42919,1.2957
42920,1.2927
42921,1.2922
42922,1.2969
42923,1.289
42926,1.2878
42927,1.2848
42928,1.2899
42929,1.2923
42930,1.3098
42933,1.306
42934,1.3046
42935,1.3035
42936,1.2977
42937,1.2997
42940,1.3026
42941,1.3038
42942,1.3047
42943,1.3068
42944,1.3136
42947,1.319
42948,1.321
42949,1.3238
42950,1.3135
42951,1.304
42954,1.3024
42955,1.2981
42956,1.2992
42957,1.2978
42958,1.3014
42961,1.2982
42962,1.2866
42963,1.2847
42964,1.2877
42965,1.287
42968,1.2908
42969,1.2841
42970,1.279
42971,1.2795
42972,1.2882
42975,1.2933
42976,1.2927
42977,1.2933
42978,1.2894
42979,1.2951
42982,1.2919
42983,1.3018
42984,1.3048
42985,1.3071
42986,1.32
42989,1.3179
42990,1.3274
42991,1.3202
42992,1.3387
42993,1.3594
42996,1.3484
42997,1.3489
42998,1.3582
42999,1.3574
43000,1.3504
43003,1.3454
43004,1.3432
43005,1.3403
43006,1.3439
43007,1.3398
43010,1.3273
43011,1.3248
43012,1.3273
43013,1.3133
43014,1.3066
43017,1.3146
43018,1.321
43019,1.3211
43020,1.3247
43021,1.3285
43024,1.3285
43025,1.3179
43026,1.3191
43027,1.3162
43028,1.319
43031,1.32
43032,1.3132
43033,1.3247
43034,1.3176
43035,1.3128
43038,1.3193
43039,1.3273
43040,1.3261
43041,1.3055
43042,1.3077
43045,1.3152
43046,1.3155
43047,1.311
43048,1.3145
43049,1.3196
43052,1.3113
43053,1.3179
43054,1.3177
43055,1.3192
43056,1.3215
43059,1.3234
43060,1.3239
43061,1.3289
43062,1.3305
43063,1.3337
43066,1.3329
43067,1.333
43068,1.3429
43069,1.3509
43070,1.3477
43073,1.3458
43074,1.3436
43075,1.3377
43076,1.3426
43077,1.339
43080,1.3351
43081,1.3315
43082,1.3352
43083,1.3431
43084,1.332
43087,1.3393
43088,1.337
43089,1.3396
43090,1.3371
43091,1.3363
43094,1.337
43095,1.3381
43096,1.3398
43097,1.3448
43098,1.3513
43101,1.3513
43102,1.3584
43103,1.3526
43104,1.3547
43105,1.3571
43108,1.3559
43109,1.3527
43110,1.3517
43111,1.3545
43112,1.3728
43115,1.381
43116,1.3772
43117,1.385
43118,1.3877
43119,1.3858
43122,1.3958
43123,1.3979
43124,1.4196
43125,1.4256
43126,1.416
43129,1.407
43130,1.4143
43131,1.4184
43132,1.423
43133,1.4118
43136,1.4032
43137,1.3957
43138,1.3874
43139,1.3901
43140,1.3827
43143,1.3817
43144,1.3865
43145,1.3978
43146,1.4046
43147,1.4026
43150,1.4014
43151,1.4003
43152,1.3967
43153,1.396
43154,1.3971
43157,1.3966
43158,1.3924
43159,1.3785
43160,1.3735
43161,1.3802
43164,1.3846
43165,1.3879
43166,1.3887
43167,1.3815
43168,1.385
43171,1.39
43172,1.3971
43173,1.3974
43174,1.3965
43175,1.3942
43178,1.4047
43179,1.4008
43180,1.4079
43181,1.4104
43182,1.4132
43185,1.4223
43186,1.4169
43187,1.4106
43188,1.4016
43189,1.4015
43192,1.4034
43193,1.4056
43194,1.4082
43195,1.3988
43196,1.4092
43199,1.4135
43200,1.4146
43201,1.4176
43202,1.4227
43203,1.4238
43206,1.4325
43207,1.4288
43208,1.4214
43209,1.4193
43210,1.4
43213,1.3945
43214,1.3978
43215,1.3938
43216,1.393
43217,1.3781
43220,1.3765
43221,1.3627
43222,1.3601
43223,1.3582
43224,1.3531
43227,1.3564
43228,1.3546
43229,1.3557
43230,1.3499
43231,1.3542
43234,1.3584
43235,1.3518
43236,1.3498
43237,1.3515
43238,1.3469
43241,1.341
43242,1.3433
43243,1.3337
43244,1.3386
43245,1.3309
43248,1.3313
43249,1.3244
43250,1.3292
43251,1.3293
43252,1.3346
43255,1.3313
43256,1.3382
43257,1.3411
43258,1.3413
43259,1.3405
43262,1.3379
43263,1.3395
43264,1.3386
43265,1.33
43266,1.3278
43269,1.3241
43270,1.3173
43271,1.3196
43272,1.3248
43273,1.3261
43276,1.3266
43277,1.3228
43278,1.3141
43279,1.3095
43280,1.3207
43283,1.3124
43284,1.3166
43285,1.3223
43286,1.3222
43287,1.3283
43290,1.3215
43291,1.3251
43292,1.3221
43293,1.322
43294,1.3222
43297,1.323
43298,1.3133
43299,1.3061
43300,1.299
43301,1.3136
43304,1.3106
43305,1.3138
43306,1.3151
43307,1.313
43308,1.3105
43311,1.3139
43312,1.3127
43313,1.3118
43314,1.3034
43315,1.3001
43318,1.2943
43319,1.295
43320,1.288
43321,1.2849
43322,1.2758
43325,1.2746
43326,1.2713
43327,1.27
43328,1.2706
43329,1.2749
43332,1.2787
43333,1.2879
43334,1.2909
43335,1.2816
43336,1.2846
43339,1.2894
43340,1.2889
43341,1.3005
43342,1.3009
43343,1.296
43346,1.2881
43347,1.2854
43348,1.2903
43349,1.2935
43350,1.292
43353,1.3029
43354,1.3007
43355,1.3059
43356,1.3109
43357,1.3068
43360,1.3159
43361,1.3134
43362,1.3162
43363,1.3245
43364,1.3072
43367,1.3123
43368,1.3169
43369,1.3179
43370,1.3101
43371,1.3031
43374,1.3035
43375,1.2981
43376,1.2989
43377,1.301
43378,1.312
43381,1.3074
43382,1.3131
43383,1.3211
43384,1.3199
43385,1.3153
43388,1.3158
43389,1.3187
43390,1.3142
43391,1.3043
43392,1.3076
43395,1.2971
43396,1.2995
43397,1.2884
43398,1.2823
43399,1.2828
43402,1.2804
43403,1.2711
43404,1.2754
43405,1.3003
43406,1.297
43409,1.3017
43410,1.3084
43411,1.3151
43412,1.3091
43413,1.2972
43416,1.285
43417,1.2986
43418,1.2951
43419,1.2747
43420,1.2834
43423,1.2861
43424,1.2796
43425,1.2785
43426,1.2874
43427,1.2814
43430,1.2818
43431,1.2735
43432,1.2805
43433,1.2779
43434,1.2749
43437,1.2741
43438,1.2717
43439,1.2749
43440,1.2795
43441,1.2726
43444,1.2563
43445,1.2516
43446,1.265
43447,1.263
43448,1.2583
43451,1.2615
43452,1.2633
43453,1.2654
43454,1.2677
43455,1.2645
43458,1.2717
43459,1.2681
43460,1.2642
43461,1.2638
43462,1.2699
43465,1.2746
43466,1.2749
43467,1.2587
43468,1.2643
43469,1.2723
43472,1.2774
43473,1.2723
43474,1.2776
43475,1.2751
43476,1.2844
43479,1.289
43480,1.2731
43481,1.2853
43482,1.2962
43483,1.2872
43486,1.2896
43487,1.2964
43488,1.3066
43489,1.3017
43490,1.3196
43493,1.3169
43494,1.3137
43495,1.3062
43496,1.3122
43497,1.3079
43500,1.3044
43501,1.2946
43502,1.2952
43503,1.2964
43504,1.2944
43507,1.2851
43508,1.2889
43509,1.2855
43510,1.2805
43511,1.2889
43514,1.2926
43515,1.3061
43516,1.3087
43517,1.3038
43518,1.3053
43521,1.3083
43522,1.3252
43523,1.3302
43524,1.3265
43525,1.3202
43528,1.3182
43529,1.3152
43530,1.3165
43531,1.3129
43532,1.3015
43535,1.3145
43536,1.3072
43537,1.3203
43538,1.3257
43539,1.329
43542,1.3233
43543,1.3269
43544,1.318
43545,1.3061
43546,1.3209
43549,1.3183
43550,1.3222
43551,1.3219
43552,1.3071
43553,1.3035
43556,1.3119
43557,1.3077
43558,1.317
43559,1.3082
43560,1.3038
43563,1.3059
43564,1.3035
43565,1.3112
43566,1.3067
43567,1.3074
43570,1.3108
43571,1.3051
43572,1.3037
43573,1.2981
43574,1.2993
43577,1.2985
43578,1.2947
43579,1.2922
43580,1.2902
43581,1.2916
43584,1.2933
43585,1.3042
43586,1.3081
43587,1.3024
43588,1.3173
43591,1.3099
43592,1.3058
43593,1.3006
43594,1.3021
43595,1.2998
43598,1.2948
43599,1.2917
43600,1.2864
43601,1.2796
43602,1.2724
43605,1.2723
43606,1.273
43607,1.2675
43608,1.2678
43609,1.2714
43612,1.2681
43613,1.2666
43614,1.2619
43615,1.2612
43616,1.2629
43619,1.2635
43620,1.2687
43621,1.2691
43622,1.271
43623,1.2737
43626,1.2689
43627,1.2728
43628,1.2689
43629,1.2679
43630,1.2589
43633,1.2558
43634,1.2553
43635,1.2634
43636,1.2704
43637,1.2737
43640,1.2737
43641,1.2694
43642,1.2698
43643,1.2678
43644,1.2696
43647,1.2636
43648,1.2615
43649,1.2575
43650,1.2584
43651,1.2521
43654,1.2517
43655,1.2467
43656,1.2514
43657,1.2521
43658,1.2572
43661,1.2512
43662,1.2418
43663,1.2449
43664,1.2479
43665,1.2502
43668,1.2481
43669,1.2439
43670,1.25
43671,1.2444
43672,1.2384
43675,1.2218
43676,1.2166
